in,Lon,Lat,x,y,q,tc,te,tl
CT-1011.1,-118.2929991,34.2594785,-2.262,14.598,178,14.916,8,20
CT-1011.22,-118.2901593,34.2677264,-2.1,15.168,168,21.068,8,20
CT-1012.2,-118.281645,34.25161318,-1.614,14.055,155,9.335,8,20
CT-1012.21,-118.2925889,34.25433384,-2.239,14.243,132,7.026,8,20
CT-1012.22,-118.2885383,34.25135681,-2.008,14.037,123,5.992,8,20
CT-1013,-118.2710113,34.24878318,-1.007,13.859,159,17.792,8,20
CT-1014,-118.2941741,34.24285664,-2.33,13.45,151,23.728,8,20
CT-1021.03,-118.3542002,34.22508405,-5.76,12.221,113,8.680,8,20
CT-1021.04,-118.3454105,34.21619234,-5.258,11.607,191,17.687,8,20
CT-1021.05,-118.3492775,34.20988084,-5.48,11.171,77,5.072,8,20
CT-1021.07,-118.3380203,34.24047789,-4.835,13.285,180,38.017,8,20
CT-1031.01,-118.3078996,34.27324569,-3.113,15.549,110,10.871,8,20
CT-1031.02,-118.3074005,34.26338917,-3.085,14.868,219,17.403,8,20
CT-1032.01,-118.3236389,34.26564955,-4.012,15.024,172,16.092,8,20
CT-1032.02,-118.3435122,34.27493967,-5.146,15.666,171,29.556,8,20
CT-1033,-118.3554902,34.25738348,-5.831,14.453,167,24.988,8,20
CT-1034.01,-118.3183972,34.25397365,-3.713,14.218,99,10.203,8,20
CT-1034.02,-118.3083605,34.25594539,-3.14,14.354,176,13.012,8,20
CT-1041.03,-118.3925886,34.28210415,-7.948,16.161,227,15.988,8,20
CT-1041.05,-118.404698,34.2761529,-8.64,15.75,313,22.312,8,20
CT-1041.08,-118.3985819,34.2731546,-8.291,15.543,336,32.327,8,20
CT-1041.24,-118.3748431,34.28728811,-6.934,16.52,201,28.744,8,20
CT-1042.01,-118.416112,34.28650543,-9.29,16.466,314,22.945,8,20
CT-1042.03,-118.4115664,34.27906279,-9.032,15.951,390,23.087,8,20
CT-1042.04,-118.3954524,34.28935438,-8.111,16.662,280,33.868,8,20
CT-1043.1,-118.4292934,34.27637805,-10.044,15.766,434,42.866,8,20
CT-1043.21,-118.418096,34.27166305,-9.405,15.44,145,9.649,8,20
CT-1043.22,-118.4218872,34.27424427,-9.621,15.618,128,8.996,8,20
CT-1044.01,-118.4327339,34.26704367,-10.242,15.121,274,18.162,8,20
CT-1044.03,-118.4345058,34.25879959,-10.344,14.551,164,16.646,8,20
CT-1044.04,-118.4287037,34.26392554,-10.012,14.905,283,18.133,8,20
CT-1045,-118.4257603,34.25551576,-9.845,14.324,190,13.446,8,20
CT-1046.1,-118.4190051,34.26044043,-9.458,14.665,274,18.785,8,20
CT-1046.2,-118.422477,34.25790924,-9.657,14.49,248,17.812,8,20
CT-1047.01,-118.4152261,34.26847937,-9.242,15.22,299,20.372,8,20
CT-1047.03,-118.4006005,34.25522985,-8.408,14.304,155,11.857,8,20
CT-1047.04,-118.4088744,34.26253546,-8.88,14.809,296,24.992,8,20
CT-1048.21,-118.4163078,34.24657539,-9.306,13.706,203,13.578,8,20
CT-1048.22,-118.4209572,34.24587528,-9.572,13.658,156,14.291,8,20
CT-1048.23,-118.4130215,34.24897009,-9.118,13.872,363,25.311,8,20
CT-1048.24,-118.4095491,34.25150202,-8.919,14.047,220,15.814,8,20
CT-1060.1,-118.4434157,34.32534619,-10.844,19.149,217,24.172,8,20
CT-1060.2,-118.4283916,34.32128226,-9.987,18.869,234,25.635,8,20
CT-1061.11,-118.4099096,34.31891151,-8.933,18.705,220,22.484,8,20
CT-1061.12,-118.412407,34.30554745,-9.077,17.781,272,41.452,8,20
CT-1061.13,-118.4222197,34.30615959,-9.637,17.824,203,21.842,8,20
CT-1061.14,-118.4270021,34.30273132,-9.91,17.587,472,45.891,8,20
CT-1064.03,-118.4412865,34.30602351,-10.725,17.814,221,16.721,8,20
CT-1064.05,-118.4482978,34.31469111,-11.124,18.413,226,16.779,8,20
CT-1064.06,-118.4598496,34.32224571,-11.782,18.935,271,26.322,8,20
CT-1064.07,-118.4365695,34.31057898,-10.455,18.129,120,5.006,8,20
CT-1064.08,-118.4400887,34.31326765,-10.656,18.315,309,12.843,8,20
CT-1065.1,-118.4848513,34.32359049,-13.209,19.028,385,61.719,8,20
CT-1065.2,-118.4613647,34.30886233,-11.871,18.01,297,27.360,8,20
CT-1066.03,-118.5204596,34.31263732,-15.243,18.271,174,35.745,8,20
CT-1066.04,-118.473696,34.30443704,-12.575,17.705,262,30.648,8,20
CT-1066.41,-118.5084454,34.29847398,-14.56,17.293,120,9.711,8,20
CT-1066.42,-118.5070259,34.28632751,-14.481,16.453,143,14.182,8,20
CT-1066.43,-118.5220478,34.28947085,-15.338,16.67,204,27.712,8,20
CT-1066.45,-118.4941853,34.29056796,-13.747,16.746,233,30.165,8,20
CT-1066.46,-118.4939571,34.27974283,-13.736,15.998,144,13.361,8,20
CT-1066.48,-118.4558469,34.29310318,-11.558,16.921,270,18.328,8,20
CT-1066.49,-118.4606676,34.28925459,-11.834,16.656,166,14.569,8,20
CT-1070.1,-118.4467328,34.30208522,-11.036,17.542,209,15.135,8,20
CT-1070.2,-118.450494,34.29755981,-11.252,17.229,495,35.929,8,20
CT-1081.01,-118.5416647,34.27931073,-16.46,15.968,105,8.087,8,20
CT-1081.02,-118.5550788,34.28046342,-17.225,16.048,136,13.016,8,20
CT-1081.03,-118.5400123,34.28643079,-16.364,16.46,167,20.880,8,20
CT-1081.04,-118.5460205,34.29431839,-16.705,17.005,109,7.187,8,20
CT-1082.02,-118.5816186,34.28674039,-18.739,16.482,433,64.798,8,20
CT-1082.03,-118.5616672,34.29308797,-17.599,16.92,150,12.250,8,20
CT-1082.04,-118.5667164,34.28091058,-17.89,16.079,106,10.805,8,20
CT-1091,-118.4631721,34.27716748,-11.978,15.82,117,12.651,8,20
CT-1092,-118.4745027,34.27743373,-12.625,15.839,140,11.563,8,20
CT-1093,-118.4804457,34.27120314,-12.966,15.408,122,10.371,8,20
CT-1094,-118.4557131,34.26872002,-11.554,15.237,179,15.514,8,20
CT-1095,-118.4440484,34.27384352,-10.887,15.591,359,33.798,8,20
CT-1096.01,-118.451462,34.25863004,-11.312,14.539,213,21.900,8,20
CT-1096.03,-118.465428,34.25365666,-12.111,14.196,196,13.983,8,20
CT-1096.04,-118.4653641,34.26154941,-12.106,14.741,139,10.251,8,20
CT-1097,-118.4809004,34.2619391,-12.993,14.768,225,19.165,8,20
CT-1098,-118.4816096,34.25371631,-13.035,14.2,248,21.691,8,20
CT-1111,-118.4950817,34.26831469,-13.802,15.209,168,12.071,8,20
CT-1112.01,-118.5101612,34.27483833,-14.662,15.659,173,20.739,8,20
CT-1112.02,-118.5148394,34.26844793,-14.93,15.218,272,27.749,8,20
CT-1112.04,-118.5488954,34.26205365,-16.876,14.776,311,35.825,8,20
CT-1112.05,-118.5352802,34.25350895,-16.1,14.186,186,14.728,8,20
CT-1112.06,-118.5345104,34.26755266,-16.053,15.156,183,19.992,8,20
CT-1113.02,-118.5128548,34.25395587,-14.819,14.216,240,20.863,8,20
CT-1113.03,-118.5128581,34.2612126,-14.818,14.718,336,29.765,8,20
CT-1113.04,-118.5262388,34.26085161,-15.582,14.693,85,4.462,8,20
CT-1114.01,-118.4967036,34.25393414,-13.897,14.215,144,9.603,8,20
CT-1114.02,-118.4957533,34.26117748,-13.841,14.715,268,19.025,8,20
CT-1131.01,-118.5869039,34.26459288,-19.046,14.951,187,18.524,8,20
CT-1131.02,-118.5685956,34.26530182,-18,15,98,12.558,8,20
CT-1132.11,-118.6152723,34.26608213,-20.666,15.054,180,30.631,8,20
CT-1132.12,-118.6024386,34.26068789,-19.934,14.682,129,9.151,8,20
CT-1132.13,-118.6072051,34.25339627,-20.208,14.178,310,25.186,8,20
CT-1132.31,-118.6506717,34.22666194,-22.698,12.331,103,19.395,8,20
CT-1132.32,-118.6125572,34.22583091,-20.52,12.273,229,23.739,8,20
CT-1132.34,-118.5938841,34.22617768,-19.453,12.297,274,24.280,8,20
CT-1132.37,-118.612721,34.24418117,-20.525,13.541,282,41.266,8,20
CT-1132.38,-118.6016764,34.22389025,-19.899,12.139,170,10.744,8,20
CT-1132.39,-118.6005069,34.23199527,-19.83,12.699,88,4.779,8,20
CT-1133.01,-118.558316,34.24405103,-17.418,13.532,187,18.965,8,20
CT-1133.03,-118.5787615,34.24382999,-18.586,13.517,187,23.518,8,20
CT-1133.22,-118.5721487,34.25368292,-18.206,14.198,209,20.190,8,20
CT-1133.23,-118.5934549,34.25356009,-19.423,14.189,156,9.846,8,20
CT-1133.24,-118.5863849,34.25361789,-19.019,14.193,163,8.111,8,20
CT-1134.23,-118.5666934,34.22424734,-17.9,12.164,177,11.239,8,20
CT-1134.24,-118.5610786,34.22845047,-17.579,12.454,154,14.744,8,20
CT-1134.25,-118.5908394,34.23167951,-19.278,12.677,242,12.253,8,20
CT-1134.26,-118.5815325,34.23346061,-18.746,12.8,119,11.362,8,20
CT-1134.27,-118.5886537,34.22569966,-19.155,12.264,64,3.274,8,20
CT-1134.28,-118.5787343,34.22415083,-18.588,12.157,227,17.979,8,20
CT-1151.01,-118.5112427,34.23944433,-14.73,13.214,243,29.475,8,20
CT-1151.03,-118.5274623,34.24383316,-15.655,13.517,3083,305.344,8,20
CT-1151.04,-118.5226581,34.23749629,-15.382,13.079,152,15.789,8,20
CT-1152.02,-118.5377877,34.23384249,-16.247,12.827,202,17.913,8,20
CT-1152.03,-118.53241,34.24619955,-15.937,13.681,114,6.919,8,20
CT-1152.04,-118.5404432,34.24301214,-16.397,13.46,165,11.348,8,20
CT-1153.01,-118.5484881,34.24266876,-16.857,13.437,221,22.984,8,20
CT-1153.02,-118.5499624,34.22606797,-16.944,12.289,207,13.804,8,20
CT-1154.01,-118.5151392,34.22481256,-14.955,12.203,345,34.560,8,20
CT-1154.03,-118.5317421,34.22473913,-15.903,12.198,193,11.818,8,20
CT-1154.04,-118.5413345,34.22530574,-16.451,12.237,129,9.418,8,20
CT-1171.01,-118.4622012,34.23921237,-11.928,13.198,271,17.529,8,20
CT-1171.02,-118.4603335,34.24655277,-11.821,13.705,117,8.294,8,20
CT-1172.01,-118.4701079,34.24268592,-12.379,13.438,392,27.856,8,20
CT-1172.02,-118.4788862,34.24291389,-12.881,13.453,125,11.471,8,20
CT-1173.01,-118.4896633,34.24216369,-13.497,13.402,177,14.510,8,20
CT-1173.02,-118.4987544,34.23814864,-14.016,13.124,208,24.277,8,20
CT-1173.03,-118.4912936,34.22811468,-13.592,12.431,218,19.265,8,20
CT-1174.04,-118.4790892,34.22848379,-12.895,12.456,327,28.827,8,20
CT-1174.05,-118.4702433,34.23373597,-12.388,12.819,248,10.069,8,20
CT-1174.07,-118.4703239,34.23011075,-12.394,12.569,251,10.380,8,20
CT-1174.08,-118.4703832,34.22485126,-12.398,12.205,217,10.649,8,20
CT-1175.1,-118.4629856,34.23374547,-11.974,12.82,237,11.364,8,20
CT-1175.2,-118.4632779,34.23004511,-11.991,12.564,294,14.195,8,20
CT-1175.3,-118.4637023,34.22485866,-12.016,12.206,411,22.620,8,20
CT-1190.01,-118.4181038,34.23231562,-9.41,12.721,263,19.146,8,20
CT-1190.03,-118.4328423,34.25037254,-10.25,13.969,301,21.433,8,20
CT-1190.04,-118.4233538,34.24141363,-9.709,13.35,197,13.632,8,20
CT-1192.01,-118.4413583,34.24660581,-10.737,13.709,293,19.364,8,20
CT-1192.02,-118.4425667,34.25543317,-10.805,14.319,223,18.213,8,20
CT-1193.1,-118.4505171,34.24539522,-11.26,13.625,196,10.483,8,20
CT-1193.2,-118.4536219,34.23892206,-11.438,13.178,262,14.316,8,20
CT-1193.4,-118.4519131,34.23361391,-11.341,12.811,271,9.565,8,20
CT-1193.41,-118.4458878,34.23717146,-10.997,13.057,115,5.914,8,20
CT-1193.42,-118.4472794,34.24077346,-11.076,13.306,182,7.479,8,20
CT-1194,-118.4358601,34.24010243,-10.424,13.259,377,26.892,8,20
CT-1197,-118.4264628,34.22135837,-9.889,11.964,249,22.996,8,20
CT-1198.01,-118.43165,34.23536199,-10.184,12.932,131,10.095,8,20
CT-1198.02,-118.4286769,34.23227502,-10.014,12.718,156,10.757,8,20
CT-1199,-118.4412926,34.22784181,-10.735,12.412,267,19.155,8,20
CT-1200.1,-118.462635,34.21789433,-11.956,11.725,132,7.822,8,20
CT-1200.2,-118.4548267,34.21860143,-11.51,11.774,188,11.734,8,20
CT-1200.3,-118.4518806,34.21511263,-11.342,11.532,125,6.528,8,20
CT-1201.03,-118.4518109,34.22972491,-11.336,12.542,239,9.181,8,20
CT-1201.04,-118.4493789,34.22396783,-11.198,12.144,100,5.790,8,20
CT-1201.05,-118.4465446,34.23107543,-11.035,12.635,126,10.276,8,20
CT-1201.06,-118.4566765,34.22311368,-11.615,12.085,259,10.892,8,20
CT-1201.07,-118.4565629,34.22639792,-11.608,12.312,271,11.245,8,20
CT-1201.08,-118.4561604,34.23164803,-11.584,12.675,199,9.950,8,20
CT-1203,-118.4408523,34.21529632,-10.712,11.545,232,20.586,8,20
CT-1204,-118.432352,34.21888725,-10.226,11.793,250,20.667,8,20
CT-1210.1,-118.4036927,34.22335985,-8.588,12.102,215,21.623,8,20
CT-1210.2,-118.4020743,34.2121273,-8.496,11.326,168,11.329,8,20
CT-1211.01,-118.3654416,34.22442189,-6.402,12.176,127,6.908,8,20
CT-1211.02,-118.3814448,34.2423646,-7.315,13.416,90,15.558,8,20
CT-1212.1,-118.4046514,34.23942766,-8.641,13.213,133,12.213,8,20
CT-1212.21,-118.3955748,34.22762234,-8.124,12.397,137,7.937,8,20
CT-1212.22,-118.3919611,34.23215675,-7.917,12.71,242,20.953,8,20
CT-1216,-118.410603,34.21107316,-8.984,11.253,145,11.470,8,20
CT-1218.01,-118.3928893,34.21149196,-7.972,11.282,144,8.085,8,20
CT-1218.02,-118.3913758,34.21921911,-7.884,11.816,160,11.635,8,20
CT-1219,-118.3832126,34.21787163,-7.418,11.723,172,16.809,8,20
CT-1220,-118.4184413,34.21478353,-9.431,11.51,248,33.869,8,20
CT-1221.2,-118.3719216,34.21078049,-6.774,11.233,291,19.466,8,20
CT-1221.21,-118.3705678,34.21421907,-6.696,11.471,180,11.550,8,20
CT-1221.22,-118.3733897,34.21985837,-6.857,11.86,190,14.995,8,20
CT-1222,-118.3594615,34.21432188,-6.061,11.478,206,18.036,8,20
CT-1224.1,-118.3919862,34.20448809,-7.921,10.798,192,12.426,8,20
CT-1224.2,-118.3832964,34.20361487,-7.424,10.738,277,18.571,8,20
CT-1230.1,-118.3745839,34.20274857,-6.926,10.678,278,20.171,8,20
CT-1230.2,-118.3665068,34.20474172,-6.465,10.816,150,8.069,8,20
CT-1231.03,-118.3654629,34.19087594,-6.406,9.858,144,9.439,8,20
CT-1231.04,-118.365015,34.18289543,-6.381,9.306,225,14.448,8,20
CT-1232.03,-118.3911419,34.19624664,-7.873,10.229,167,12.153,8,20
CT-1232.04,-118.3943417,34.19394087,-8.056,10.07,151,7.439,8,20
CT-1232.05,-118.3835737,34.19456853,-7.441,10.113,152,9.916,8,20
CT-1232.06,-118.3748788,34.19371232,-6.944,10.054,94,5.622,8,20
CT-1233.01,-118.4001342,34.20031471,-8.387,10.51,207,19.726,8,20
CT-1233.03,-118.4116159,34.19728009,-9.043,10.3,113,7.989,8,20
CT-1233.04,-118.4061005,34.19654393,-8.728,10.249,179,13.244,8,20
CT-1234.1,-118.4216441,34.19797239,-9.616,10.348,161,8.747,8,20
CT-1234.2,-118.4166263,34.19358018,-9.33,10.045,211,15.094,8,20
CT-1235.1,-118.4275167,34.19511051,-9.952,10.15,217,14.144,8,20
CT-1235.2,-118.424707,34.18872324,-9.792,9.709,168,10.285,8,20
CT-1236.01,-118.4179933,34.17795171,-9.41,8.965,209,18.653,8,20
CT-1236.02,-118.4263378,34.1812249,-9.886,9.191,142,10.355,8,20
CT-1237,-118.4095291,34.1848645,-8.925,9.442,184,12.531,8,20
CT-1238,-118.4014481,34.17974409,-8.464,9.089,266,22.607,8,20
CT-1239.01,-118.39381,34.18545927,-8.027,9.484,221,17.419,8,20
CT-1239.02,-118.392241,34.1758832,-7.938,8.822,117,7.124,8,20
CT-1240,-118.4049485,34.16250716,-8.666,7.898,224,18.684,8,20
CT-1241.02,-118.383411,34.17578729,-7.433,8.815,156,9.033,8,20
CT-1241.03,-118.3834244,34.18849675,-7.433,9.693,105,5.016,8,20
CT-1241.04,-118.3834222,34.18486612,-7.433,9.443,136,6.844,8,20
CT-1241.05,-118.3834183,34.18123367,-7.433,9.192,95,4.586,8,20
CT-1242.01,-118.3746886,34.18487133,-6.934,9.443,164,11.969,8,20
CT-1242.03,-118.3746772,34.17760894,-6.934,8.941,95,4.927,8,20
CT-1242.04,-118.3746676,34.17397737,-6.934,8.69,72,3.754,8,20
CT-1243,-118.3643085,34.17574262,-6.341,8.812,101,6.990,8,20
CT-1244,-118.4095592,34.17397784,-8.928,8.69,205,14.390,8,20
CT-1245,-118.4267827,34.17227898,-9.913,8.573,114,8.074,8,20
CT-1246,-118.4269443,34.16207419,-9.923,7.868,100,7.940,8,20
CT-1247,-118.4165485,34.16185754,-9.329,7.853,210,18.042,8,20
CT-1249.02,-118.4008868,34.17024877,-8.433,8.433,116,5.906,8,20
CT-1249.03,-118.4008797,34.16661474,-8.433,8.181,134,6.665,8,20
CT-1251.01,-118.3921437,34.16851434,-7.933,8.313,121,7.072,8,20
CT-1251.02,-118.392131,34.16125271,-7.933,7.811,98,5.599,8,20
CT-1252,-118.383377,34.16490349,-7.432,8.063,153,12.273,8,20
CT-1253.1,-118.3660415,34.16952152,-6.441,8.382,125,12.585,8,20
CT-1253.21,-118.3650644,34.16670928,-6.385,8.188,123,5.407,8,20
CT-1253.22,-118.373779,34.16666192,-6.883,8.185,67,3.763,8,20
CT-1254.02,-118.3742311,34.15659112,-6.91,7.489,158,10.538,8,20
CT-1254.03,-118.3768771,34.16305285,-7.061,7.935,70,2.858,8,20
CT-1254.04,-118.3724386,34.16228758,-6.807,7.882,91,4.222,8,20
CT-1255.01,-118.3657977,34.16229852,-6.427,7.883,95,5.239,8,20
CT-1255.02,-118.3655567,34.15663319,-6.414,7.492,139,7.599,8,20
CT-1256,-118.3568759,34.1579004,-5.918,7.579,124,9.335,8,20
CT-1271.02,-118.4445374,34.20601212,-10.924,10.904,246,16.598,8,20
CT-1271.03,-118.4291864,34.20450225,-10.047,10.799,115,5.125,8,20
CT-1271.04,-118.4358107,34.20518078,-10.425,10.846,215,13.350,8,20
CT-1272.1,-118.4599203,34.20834625,-11.802,11.065,243,21.717,8,20
CT-1272.2,-118.4531386,34.20478707,-11.415,10.819,195,12.214,8,20
CT-1273,-118.4697779,34.20840392,-12.366,11.069,171,13.800,8,20
CT-1274,-118.4787071,34.21083243,-12.875,11.237,298,32.187,8,20
CT-1275.2,-118.4697633,34.21842119,-12.363,11.761,281,14.116,8,20
CT-1276.03,-118.4800359,34.19572894,-12.954,10.193,157,8.971,8,20
CT-1276.04,-118.4798113,34.1993211,-12.94,10.441,124,7.213,8,20
CT-1276.05,-118.4858434,34.19027475,-13.287,9.816,245,14.322,8,20
CT-1276.06,-118.4778177,34.1902678,-12.828,9.816,143,8.244,8,20
CT-1277.11,-118.4698429,34.18797123,-12.372,9.657,137,9.426,8,20
CT-1277.12,-118.4701074,34.19742306,-12.386,10.31,147,8.087,8,20
CT-1278.03,-118.4530921,34.19752017,-11.414,10.317,229,14.117,8,20
CT-1278.04,-118.4618351,34.19749735,-11.913,10.315,205,12.080,8,20
CT-1278.05,-118.4577011,34.19220106,-11.678,9.949,141,10.350,8,20
CT-1278.06,-118.457248,34.18857787,-11.652,9.699,137,10.021,8,20
CT-1279.1,-118.4443747,34.19756979,-10.915,10.32,263,15.729,8,20
CT-1279.2,-118.4356347,34.19757034,-10.416,10.32,190,12.057,8,20
CT-1281.01,-118.4356296,34.19030422,-10.417,9.818,166,9.932,8,20
CT-1281.02,-118.4443628,34.19030083,-10.916,9.818,232,14.536,8,20
CT-1282.1,-118.4443575,34.18358866,-10.916,9.354,267,14.992,8,20
CT-1282.2,-118.4355889,34.18355816,-10.415,9.352,120,6.226,8,20
CT-1283.02,-118.4605489,34.18386859,-11.842,9.374,259,16.519,8,20
CT-1283.03,-118.4523935,34.18308058,-11.376,9.319,209,11.183,8,20
CT-1284,-118.4588646,34.1765543,-11.746,8.868,187,18.653,8,20
CT-1285,-118.4443561,34.17030922,-10.918,8.437,155,11.495,8,20
CT-1286.01,-118.4410944,34.17846325,-10.73,9,241,16.842,8,20
CT-1286.02,-118.4356185,34.17121931,-10.418,8.5,126,10.035,8,20
CT-1287.03,-118.4442241,34.16021253,-10.912,7.739,102,6.970,8,20
CT-1287.04,-118.435611,34.16020493,-10.419,7.739,76,5.072,8,20
CT-1288.01,-118.4651695,34.16824263,-12.108,8.294,131,7.336,8,20
CT-1288.02,-118.4552719,34.16848364,-11.542,8.311,184,12.985,8,20
CT-1289.1,-118.458309,34.16165224,-11.717,7.839,194,17.131,8,20
CT-1310.21,-118.540431,34.21775634,-16.401,11.715,213,12.744,8,20
CT-1310.22,-118.5403029,34.2115783,-16.395,11.288,129,7.428,8,20
CT-1310.23,-118.5399995,34.20472618,-16.379,10.815,162,9.132,8,20
CT-1310.24,-118.5399126,34.19573927,-16.376,10.194,275,18.591,8,20
CT-1311,-118.5056353,34.21462937,-14.414,11.499,157,12.025,8,20
CT-1312,-118.5142433,34.21473118,-14.905,11.506,173,13.535,8,20
CT-1313,-118.5229756,34.21466493,-15.404,11.502,346,26.701,8,20
CT-1314,-118.5317079,34.21459665,-15.903,11.497,318,23.582,8,20
CT-1316,-118.553382,34.21426988,-17.142,11.474,261,24.694,8,20
CT-1317.01,-118.5579029,34.20466922,-17.402,10.811,234,13.820,8,20
CT-1317.02,-118.5487448,34.20470335,-16.879,10.813,186,11.751,8,20
CT-1318.01,-118.5316908,34.20471785,-15.904,10.814,154,9.248,8,20
CT-1318.02,-118.5229691,34.20471005,-15.406,10.814,145,8.508,8,20
CT-1319,-118.5098716,34.20472406,-14.657,10.815,232,19.212,8,20
CT-1320.01,-118.5142073,34.19207403,-14.907,9.941,165,11.108,8,20
CT-1320.02,-118.5072085,34.19490012,-14.507,10.136,243,24.041,8,20
CT-1321.01,-118.4956675,34.19026732,-13.848,9.816,201,13.644,8,20
CT-1321.02,-118.4973814,34.20210062,-13.944,10.633,221,20.317,8,20
CT-1323.01,-118.5273547,34.19926201,-15.657,10.437,180,12.616,8,20
CT-1323.02,-118.5273208,34.1956807,-15.656,10.19,165,11.949,8,20
CT-1325.01,-118.5487176,34.19743633,-16.879,10.311,207,13.332,8,20
CT-1325.02,-118.5484624,34.19081572,-16.865,9.854,130,7.641,8,20
CT-1327,-118.5261898,34.18996989,-15.593,9.795,239,19.315,8,20
CT-1329,-118.5278385,34.18348087,-15.688,9.347,176,14.782,8,20
CT-1330,-118.5577456,34.19534028,-17.395,10.166,213,15.116,8,20
CT-1331.01,-118.5490156,34.18407717,-16.898,9.388,93,5.781,8,20
CT-1331.02,-118.5402818,34.18504377,-16.399,9.455,173,11.649,8,20
CT-1340.01,-118.5906594,34.20177984,-19.275,10.611,193,12.683,8,20
CT-1340.02,-118.5856453,34.20167868,-18.988,10.604,194,13.839,8,20
CT-1341.01,-118.5666555,34.21430838,-17.9,11.477,343,25.103,8,20
CT-1341.03,-118.5799168,34.21626436,-18.658,11.612,245,20.608,8,20
CT-1341.04,-118.575397,34.21195827,-18.4,11.315,214,12.871,8,20
CT-1342.01,-118.5911924,34.21362464,-19.302,11.43,250,20.406,8,20
CT-1343.02,-118.6205249,34.21428029,-20.978,11.475,177,14.331,8,20
CT-1343.03,-118.6135137,34.20346125,-20.58,10.727,236,21.436,8,20
CT-1343.04,-118.610299,34.213938,-20.394,11.451,167,12.441,8,20
CT-1343.05,-118.6017074,34.21763886,-19.902,11.707,167,8.012,8,20
CT-1343.06,-118.6017144,34.21191957,-19.904,11.312,176,10.511,8,20
CT-1344.21,-118.6471522,34.20202794,-22.503,10.628,266,24.873,8,20
CT-1344.22,-118.6313714,34.20335723,-21.601,10.72,237,24.772,8,20
CT-1344.23,-118.6334461,34.21405711,-21.717,11.46,178,15.950,8,20
CT-1344.24,-118.6565732,34.21357407,-23.038,11.426,155,18.856,8,20
CT-1345.2,-118.5993425,34.19739654,-19.772,10.308,249,17.762,8,20
CT-1345.21,-118.5952221,34.20463321,-19.535,10.808,235,11.873,8,20
CT-1345.22,-118.6017306,34.20467921,-19.907,10.812,230,13.735,8,20
CT-1347.1,-118.5791591,34.20463554,-18.617,10.809,275,15.719,8,20
CT-1347.2,-118.5688243,34.20464971,-18.026,10.81,251,18.649,8,20
CT-1348.01,-118.5762457,34.19699213,-18.452,10.28,131,9.161,8,20
CT-1348.02,-118.5665964,34.19564322,-17.901,10.187,144,10.057,8,20
CT-1349.01,-118.5611185,34.18683939,-17.59,9.579,111,8.897,8,20
CT-1349.04,-118.5805469,34.1911306,-18.699,9.875,178,13.333,8,20
CT-1349.05,-118.5843077,34.18336348,-18.916,9.339,187,22.397,8,20
CT-1349.06,-118.5899455,34.1925081,-19.236,9.971,121,5.410,8,20
CT-1349.07,-118.5939177,34.19099631,-19.463,9.866,100,5.251,8,20
CT-1351.02,-118.6189687,34.188536,-20.896,9.696,191,18.518,8,20
CT-1351.11,-118.6103192,34.19230599,-20.401,9.957,181,14.406,8,20
CT-1351.13,-118.6059706,34.18101755,-20.155,9.177,146,10.345,8,20
CT-1351.15,-118.6101602,34.18468681,-20.393,9.43,109,5.266,8,20
CT-1351.16,-118.6016291,34.18829303,-19.905,9.679,30,2.288,8,20
CT-1352.01,-118.6274543,34.18832494,-21.381,9.682,172,15.154,8,20
CT-1352.02,-118.6369206,34.18882302,-21.922,9.716,234,20.805,8,20
CT-1352.04,-118.6495534,34.18909514,-22.644,9.735,260,23.574,8,20
CT-1352.05,-118.6623907,34.19380973,-23.376,10.061,111,13.106,8,20
CT-1370,-118.6370296,34.16720325,-21.934,8.222,252,29.240,8,20
CT-1371.03,-118.601352,34.17449027,-19.892,8.726,220,13.902,8,20
CT-1371.04,-118.5849603,34.17376834,-18.955,8.676,126,14.061,8,20
CT-1372.02,-118.6102691,34.17458276,-20.402,8.732,136,9.010,8,20
CT-1372.03,-118.6189425,34.17212982,-20.898,8.562,165,12.696,8,20
CT-1373.01,-118.6339993,34.17653735,-21.758,8.867,133,12.348,8,20
CT-1373.02,-118.6542081,34.17735284,-22.913,8.923,205,22.392,8,20
CT-1374.01,-118.6108512,34.15915073,-20.439,7.666,202,22.341,8,20
CT-1374.02,-118.6249648,34.15546965,-21.247,7.411,316,34.148,8,20
CT-1375.01,-118.5768155,34.16493921,-18.492,8.066,214,25.085,8,20
CT-1375.02,-118.597705,34.16345669,-19.686,7.963,189,17.113,8,20
CT-1375.04,-118.5720715,34.14804397,-18.224,6.898,77,11.567,8,20
CT-1380,-118.591062,34.14880579,-19.31,6.951,239,32.642,8,20
CT-1390.01,-118.5117303,34.17541617,-14.769,8.79,251,19.816,8,20
CT-1392,-118.5246569,34.17570099,-15.508,8.809,264,19.156,8,20
CT-1393.01,-118.558139,34.17815845,-17.421,8.979,232,29.011,8,20
CT-1393.02,-118.5383777,34.17672791,-16.292,8.88,220,11.035,8,20
CT-1393.03,-118.5333195,34.17628924,-16.003,8.85,177,9.135,8,20
CT-1394.01,-118.5375953,34.16970033,-16.248,8.395,85,6.223,8,20
CT-1394.02,-118.5517906,34.16776958,-17.06,8.261,174,19.333,8,20
CT-1395.02,-118.5263234,34.16284513,-15.605,7.921,122,9.396,8,20
CT-1395.04,-118.5202625,34.16702314,-15.258,8.21,149,7.545,8,20
CT-1395.05,-118.5231779,34.16753447,-15.425,8.245,123,5.598,8,20
CT-1395.06,-118.5257869,34.16802648,-15.574,8.279,130,5.634,8,20
CT-1396,-118.5101123,34.16406485,-14.678,8.005,248,24.199,8,20
CT-1397.01,-118.495732,34.15734778,-13.857,7.541,288,34.316,8,20
CT-1397.03,-118.5320902,34.14458462,-15.938,6.659,161,25.635,8,20
CT-1397.04,-118.5132752,34.14120163,-14.863,6.425,131,19.202,8,20
CT-1397.05,-118.4916384,34.14005141,-13.626,6.346,211,28.293,8,20
CT-1398.01,-118.5455953,34.15272222,-16.709,7.221,187,23.725,8,20
CT-1398.02,-118.5563684,34.14287036,-17.327,6.541,228,39.836,8,20
CT-1411.01,-118.4266627,34.1515509,-9.909,7.141,188,12.199,8,20
CT-1411.02,-118.4323248,34.14910229,-10.233,6.971,134,10.896,8,20
CT-1412.01,-118.442447,34.15273153,-10.811,7.222,155,10.366,8,20
CT-1412.02,-118.4423725,34.14718466,-10.807,6.839,140,9.477,8,20
CT-1413.03,-118.4552587,34.15494953,-11.543,7.375,124,5.641,8,20
CT-1413.04,-118.4526415,34.15100589,-11.394,7.103,112,7.463,8,20
CT-1413.05,-118.4629737,34.15631178,-11.984,7.469,87,5.545,8,20
CT-1413.06,-118.4628658,34.1506104,-11.979,7.076,116,6.904,8,20
CT-1414,-118.4761396,34.15753883,-12.737,7.554,251,23.939,8,20
CT-1415,-118.4787672,34.14056749,-12.89,6.382,135,16.444,8,20
CT-1416,-118.4612219,34.13889384,-11.886,6.266,199,26.836,8,20
CT-1417,-118.4376607,34.13799118,-10.539,6.204,161,19.222,8,20
CT-1431.01,-118.3538328,34.14749527,-5.744,6.86,62,5.157,8,20
CT-1431.02,-118.3626496,34.15013939,-6.248,7.043,72,3.552,8,20
CT-1432,-118.3720741,34.14944477,-6.787,6.995,163,12.417,8,20
CT-1433.01,-118.387826,34.15599008,-7.687,7.447,140,9.923,8,20
CT-1433.02,-118.3863699,34.15117524,-7.605,7.115,138,11.282,8,20
CT-1434.01,-118.4138811,34.15349867,-9.177,7.275,248,19.303,8,20
CT-1434.02,-118.4008572,34.15399519,-8.433,7.309,90,5.353,8,20
CT-1435,-118.4071012,34.14776186,-8.79,6.879,264,24.399,8,20
CT-1436.02,-118.3875165,34.14512423,-7.671,6.696,197,16.754,8,20
CT-1436.03,-118.3720294,34.1444918,-6.785,6.653,83,6.129,8,20
CT-1436.05,-118.3649506,34.14151707,-6.38,6.447,51,2.705,8,20
CT-1436.06,-118.3713008,34.14119428,-6.744,6.425,46,3.060,8,20
CT-1437,-118.3568257,34.12898638,-5.917,5.581,166,21.732,8,20
CT-1438.01,-118.3858063,34.13690259,-7.574,6.128,129,11.559,8,20
CT-1438.02,-118.3743754,34.13388816,-6.92,5.92,85,8.932,8,20
CT-1439.01,-118.3974036,34.13251413,-8.237,5.825,225,35.221,8,20
CT-1439.02,-118.4186975,34.13696114,-9.455,6.132,115,12.136,8,20
CT-1810,-118.2028341,34.14399613,2.891,6.619,266,41.381,8,20
CT-1813,-118.2236713,34.13609006,1.699,6.072,180,15.860,8,20
CT-1814,-118.2088859,34.13672419,2.545,6.116,205,14.120,8,20
CT-1815,-118.1928642,34.13478595,3.461,5.982,177,15.853,8,20
CT-1816,-118.2097528,34.12972822,2.495,5.633,235,19.147,8,20
CT-1831.01,-118.1817994,34.12251193,4.095,5.134,124,10.400,8,20
CT-1831.03,-118.1757882,34.11582186,4.439,4.672,219,16.342,8,20
CT-1831.04,-118.1726968,34.12149035,4.615,5.063,103,7.872,8,20
CT-1832.2,-118.1892983,34.1199771,3.666,4.959,144,9.720,8,20
CT-1832.21,-118.1909507,34.12543692,3.571,5.336,172,11.156,8,20
CT-1832.22,-118.1973475,34.12918661,3.205,5.595,138,10.438,8,20
CT-1833,-118.2008285,34.12100502,3.006,5.03,150,8.322,8,20
CT-1834.01,-118.2092384,34.12167102,2.525,5.076,110,6.384,8,20
CT-1834.02,-118.2164221,34.12572559,2.114,5.356,120,7.107,8,20
CT-1835.1,-118.2030948,34.11540706,2.877,4.643,121,6.992,8,20
CT-1835.2,-118.201597,34.11094607,2.963,4.335,186,9.744,8,20
CT-1836.1,-118.1949096,34.11400731,3.345,4.546,123,7.162,8,20
CT-1836.2,-118.1898645,34.11518084,3.634,4.627,117,6.358,8,20
CT-1837.01,-118.187872,34.10931059,3.748,4.222,125,8.473,8,20
CT-1837.02,-118.1842138,34.10547526,3.957,3.957,123,9.254,8,20
CT-1838.1,-118.1978617,34.10736988,3.176,4.088,180,9.519,8,20
CT-1838.2,-118.1971376,34.10396409,3.218,3.852,105,6.416,8,20
CT-1851.01,-118.2060446,34.10247565,2.708,3.75,124,8.536,8,20
CT-1851.02,-118.2128366,34.10623131,2.32,4.009,123,11.944,8,20
CT-1852.02,-118.2170753,34.09506478,2.077,3.237,191,15.103,8,20
CT-1852.03,-118.2316998,34.10013175,1.241,3.588,136,8.075,8,20
CT-1852.04,-118.2232716,34.10290939,1.723,3.78,94,6.719,8,20
CT-1853.1,-118.222638,34.09220779,1.759,3.04,150,9.683,8,20
CT-1853.2,-118.2248206,34.08868753,1.634,2.797,145,10.391,8,20
CT-1861,-118.2299929,34.12846758,1.338,5.546,211,16.673,8,20
CT-1862.01,-118.2188579,34.1213172,1.975,5.051,134,9.255,8,20
CT-1862.02,-118.2242019,34.12003391,1.669,4.963,76,4.369,8,20
CT-1862.03,-118.2153537,34.11500796,2.175,4.616,160,11.839,8,20
CT-1863.01,-118.240427,34.12235447,0.741,5.123,138,11.275,8,20
CT-1863.02,-118.2288673,34.11267805,1.402,4.455,201,16.149,8,20
CT-1864.01,-118.2455297,34.1174953,0.449,4.787,166,12.162,8,20
CT-1864.03,-118.2395338,34.11179316,0.792,4.393,150,9.322,8,20
CT-1864.04,-118.2354415,34.10676444,1.026,4.046,146,8.087,8,20
CT-1871.01,-118.2590724,34.11545454,-0.326,4.646,125,8.627,8,20
CT-1871.02,-118.2432044,34.10371094,0.582,3.835,187,32.122,8,20
CT-1872,-118.2472522,34.10322398,0.351,3.801,131,10.359,8,20
CT-1873,-118.2567363,34.10161761,-0.192,3.69,140,12.172,8,20
CT-1881,-118.2711248,34.136435,-1.015,6.096,121,15.340,8,20
CT-1882.01,-118.2722619,34.11183977,-1.08,4.397,136,10.123,8,20
CT-1882.02,-118.2797663,34.11640596,-1.509,4.712,105,7.235,8,20
CT-1883,-118.2641485,34.12076184,-0.616,5.013,139,9.874,8,20
CT-1891.01,-118.2885172,34.10474162,-2.01,3.906,85,4.509,8,20
CT-1891.02,-118.2884447,34.11264029,-2.006,4.452,143,9.145,8,20
CT-1892.01,-118.2961727,34.10358773,-2.448,3.826,95,5.251,8,20
CT-1892.02,-118.2957676,34.11133657,-2.425,4.362,129,9.838,8,20
CT-1893,-118.309327,34.11127227,-3.201,4.357,130,13.061,8,20
CT-1894,-118.321155,34.12008644,-3.877,4.966,124,11.972,8,20
CT-1895.01,-118.3192723,34.10892814,-3.77,4.195,83,4.005,8,20
CT-1895.02,-118.3240738,34.10770949,-4.044,4.111,71,3.351,8,20
CT-1896,-118.3298109,34.1112653,-4.372,4.357,133,11.887,8,20
CT-1897.02,-118.3410361,34.11249783,-5.015,4.442,81,7.540,8,20
CT-1897.03,-118.3342881,34.12770134,-4.628,5.493,70,9.049,8,20
CT-1897.04,-118.3431781,34.13410671,-5.136,5.935,47,4.975,8,20
CT-1898.01,-118.3613514,34.09848101,-6.178,3.474,87,4.822,8,20
CT-1898.02,-118.356084,34.09806076,-5.876,3.444,63,3.044,8,20
CT-1899.03,-118.3477246,34.10251997,-5.398,3.753,80,2.768,8,20
CT-1899.04,-118.3468051,34.09972391,-5.345,3.559,77,3.059,8,20
CT-1899.05,-118.3516004,34.10060785,-5.62,3.62,103,4.523,8,20
CT-1899.06,-118.3468353,34.09616939,-5.347,3.314,65,2.722,8,20
CT-1899.07,-118.3517441,34.09620423,-5.628,3.316,82,3.149,8,20
CT-1901.01,-118.3423186,34.1024697,-5.089,3.749,55,2.389,8,20
CT-1901.02,-118.3413422,34.09771339,-5.033,3.42,87,4.456,8,20
CT-1902.01,-118.3297262,34.10336268,-4.368,3.811,89,3.845,8,20
CT-1902.02,-118.3355474,34.10340712,-4.701,3.814,100,4.411,8,20
CT-1903.02,-118.3177574,34.10396776,-3.683,3.853,129,7.183,8,20
CT-1903.03,-118.3114689,34.10355199,-3.323,3.824,93,3.507,8,20
CT-1904.01,-118.3027989,34.10357671,-2.827,3.826,120,4.713,8,20
CT-1904.02,-118.3071636,34.10355394,-3.077,3.824,63,2.451,8,20
CT-1905.1,-118.3114023,34.09998192,-3.32,3.577,128,6.722,8,20
CT-1905.2,-118.303817,34.09993765,-2.886,3.574,189,8.350,8,20
CT-1907.01,-118.3326685,34.09978881,-4.537,3.564,69,3.810,8,20
CT-1907.02,-118.3359317,34.09618661,-4.723,3.315,46,1.900,8,20
CT-1908.01,-118.3244708,34.09438158,-4.068,3.19,69,3.540,8,20
CT-1908.02,-118.329928,34.09436528,-4.38,3.189,100,5.624,8,20
CT-1909.01,-118.3124893,34.09442706,-3.382,3.193,188,10.724,8,20
CT-1909.02,-118.3190252,34.09439991,-3.756,3.192,123,7.297,8,20
CT-1910,-118.3216892,34.10095967,-3.908,3.645,170,10.898,8,20
CT-1911.1,-118.304953,34.0965889,-2.951,3.343,147,7.081,8,20
CT-1911.2,-118.3048062,34.09293359,-2.943,3.09,133,6.512,8,20
CT-1912.01,-118.2961857,34.0985815,-2.449,3.48,218,12.875,8,20
CT-1912.03,-118.2939198,34.09317232,-2.32,3.107,86,3.664,8,20
CT-1912.04,-118.2982933,34.09307099,-2.57,3.1,63,2.540,8,20
CT-1913.01,-118.2865974,34.09233936,-1.901,3.049,96,4.639,8,20
CT-1913.02,-118.2884158,34.09623259,-2.005,3.318,73,3.994,8,20
CT-1914.1,-118.2881291,34.08876692,-1.988,2.802,153,7.255,8,20
CT-1914.2,-118.2881151,34.08512634,-1.988,2.551,150,6.574,8,20
CT-1915,-118.2960492,34.0872657,-2.442,2.699,255,15.228,8,20
CT-1916.1,-118.305969,34.08639009,-3.009,2.638,171,8.753,8,20
CT-1916.2,-118.302733,34.08859032,-2.824,2.79,92,3.816,8,20
CT-1917.1,-118.3169695,34.08651745,-3.639,2.647,102,6.431,8,20
CT-1917.2,-118.3123733,34.08879459,-3.376,2.804,136,6.150,8,20
CT-1918.1,-118.3277244,34.08892885,-4.254,2.814,132,7.401,8,20
CT-1918.2,-118.327717,34.08530115,-4.254,2.563,125,6.825,8,20
CT-1919.01,-118.3383733,34.09068781,-4.863,2.935,110,7.363,8,20
CT-1919.02,-118.3388344,34.08377768,-4.89,2.458,106,6.949,8,20
CT-1920.01,-118.347309,34.08523205,-5.375,2.558,79,4.564,8,20
CT-1920.02,-118.3553323,34.08354635,-5.834,2.442,95,6.239,8,20
CT-1923,-118.3285045,34.07974788,-4.299,2.179,79,5.727,8,20
CT-1924.1,-118.318113,34.07986261,-3.705,2.187,163,10.312,8,20
CT-1924.2,-118.3113445,34.07988495,-3.317,2.189,133,6.468,8,20
CT-1925.1,-118.306869,34.07987391,-3.061,2.188,206,10.239,8,20
CT-1925.2,-118.3025094,34.07993039,-2.812,2.192,249,11.848,8,20
CT-1926.1,-118.2961661,34.08136981,-2.449,2.291,151,7.813,8,20
CT-1926.2,-118.2960663,34.0776765,-2.443,2.036,169,7.916,8,20
CT-1927,-118.2881185,34.08001826,-1.988,2.198,139,7.936,8,20
CT-1941.01,-118.3530322,34.1114235,-5.701,4.368,117,13.078,8,20
CT-1941.02,-118.3662601,34.11687147,-6.457,4.744,108,13.679,8,20
CT-1942,-118.3750087,34.10351366,-6.959,3.821,138,14.181,8,20
CT-1943,-118.3875312,34.10167588,-7.675,3.694,136,15.610,8,20
CT-1944.01,-118.364236,34.08431471,-6.344,2.495,83,4.730,8,20
CT-1944.02,-118.3719135,34.08504557,-6.783,2.545,114,7.078,8,20
CT-1945,-118.369608,34.07818006,-6.652,2.071,83,5.792,8,20
CT-1951,-118.2668318,34.10082977,-0.77,3.636,230,21.173,8,20
CT-1952.01,-118.278529,34.10874705,-1.439,4.183,102,7.342,8,20
CT-1952.02,-118.2785535,34.1029523,-1.44,3.782,117,8.167,8,20
CT-1953,-118.2837016,34.09925541,-1.735,3.527,95,5.777,8,20
CT-1954,-118.2740654,34.09169723,-1.184,3.005,143,10.887,8,20
CT-1955,-118.2646244,34.0881914,-0.643,2.763,196,15.792,8,20
CT-1956,-118.2655604,34.08083028,-0.697,2.254,112,6.137,8,20
CT-1957.1,-118.2686145,34.07473406,-0.872,1.833,184,9.738,8,20
CT-1957.2,-118.2633896,34.07376201,-0.573,1.766,67,3.418,8,20
CT-1958.02,-118.2777083,34.07567538,-1.392,1.898,140,8.405,8,20
CT-1958.03,-118.2769406,34.08181426,-1.348,2.322,77,3.785,8,20
CT-1958.04,-118.2728314,34.07877926,-1.113,2.112,85,4.112,8,20
CT-1959.01,-118.282327,34.08878351,-1.656,2.803,78,4.322,8,20
CT-1959.02,-118.2793246,34.08638824,-1.485,2.638,84,4.376,8,20
CT-1959.03,-118.2824522,34.0808177,-1.664,2.253,66,3.123,8,20
CT-1972,-118.2345038,34.09040024,1.08,2.915,198,15.270,8,20
CT-1973,-118.2520588,34.08114234,0.076,2.275,147,11.605,8,20
CT-1974.1,-118.2504492,34.09291954,0.168,3.089,153,12.452,8,20
CT-1974.2,-118.2571977,34.08320491,-0.218,2.418,123,7.566,8,20
CT-1975,-118.2577026,34.07295774,-0.247,1.71,113,6.771,8,20
CT-1976,-118.2519986,34.06833635,0.079,1.391,58,3.889,8,20
CT-1977,-118.2457876,34.0685484,0.435,1.405,216,13.878,8,20
CT-1990.01,-118.2173018,34.07681823,2.065,1.977,129,5.879,8,20
CT-1990.02,-118.2199903,34.08080792,1.911,2.252,111,10.503,8,20
CT-1991.1,-118.1974164,34.07936565,3.203,2.153,219,15.762,8,20
CT-1991.2,-118.1997629,34.07001016,3.069,1.506,195,14.035,8,20
CT-1992.01,-118.2119192,34.07622531,2.373,1.936,173,8.594,8,20
CT-1992.02,-118.2033046,34.08128987,2.866,2.286,107,8.996,8,20
CT-1993,-118.1992257,34.09262999,3.099,3.069,174,23.047,8,20
CT-1994,-118.2094345,34.08927058,2.515,2.837,246,19.739,8,20
CT-1997,-118.220232,34.06759516,1.897,1.339,101,7.683,8,20
CT-1998.01,-118.2109696,34.06932055,2.428,1.459,275,14.833,8,20
CT-1998.02,-118.2096571,34.07217158,2.503,1.656,134,6.916,8,20
CT-1999,-118.2115879,34.06508431,2.392,1.166,116,6.851,8,20
CT-2011.1,-118.1743454,34.09480919,4.523,3.22,97,6.686,8,20
CT-2011.2,-118.1636575,34.09498529,5.134,3.232,203,14.694,8,20
CT-2012,-118.1785594,34.08871332,4.282,2.799,133,7.509,8,20
CT-2013.01,-118.1878509,34.08824709,3.75,2.766,257,18.204,8,20
CT-2013.02,-118.183894,34.09788697,3.976,3.432,150,11.368,8,20
CT-2014.01,-118.184837,34.08021622,3.923,2.211,249,19.503,8,20
CT-2014.02,-118.1877803,34.06891555,3.755,1.431,207,19.245,8,20
CT-2015.01,-118.1646676,34.08657942,5.077,2.651,285,19.014,8,20
CT-2015.03,-118.1739129,34.08517743,4.548,2.554,185,10.004,8,20
CT-2015.04,-118.1738041,34.08083286,4.554,2.254,92,5.306,8,20
CT-2016.01,-118.1774745,34.07270199,4.345,1.692,108,6.460,8,20
CT-2016.02,-118.1679041,34.07715485,4.892,2,166,13.366,8,20
CT-2017,-118.1709007,34.06743639,4.721,1.328,232,23.441,8,20
CT-2031,-118.1964887,34.05908386,3.257,0.751,284,18.329,8,20
CT-2032,-118.1968768,34.0526077,3.235,0.304,415,23.700,8,20
CT-2033,-118.2062948,34.0597643,2.695,0.798,212,16.961,8,20
CT-2035,-118.2200687,34.05593174,1.907,0.533,166,13.621,8,20
CT-2036.01,-118.2082138,34.05167763,2.586,0.24,120,6.447,8,20
CT-2036.02,-118.2114644,34.05085207,2.4,0.182,82,3.594,8,20
CT-2037.1,-118.2009444,34.04989806,3.002,0.117,208,9.788,8,20
CT-2037.2,-118.2031623,34.04689838,2.875,-0.091,279,13.766,8,20
CT-2038,-118.1955878,34.04499052,3.309,-0.223,224,12.479,8,20
CT-2039,-118.1944929,34.03338523,3.372,-1.024,221,13.022,8,20
CT-2041.1,-118.1987266,34.03879183,3.129,-0.651,207,11.978,8,20
CT-2041.2,-118.2011803,34.03389535,2.989,-0.989,187,8.234,8,20
CT-2042,-118.2050879,34.04362436,2.765,-0.317,214,10.395,8,20
CT-2043,-118.2078846,34.03875402,2.605,-0.653,325,18.653,8,20
CT-2044.1,-118.2152829,34.046193,2.181,-0.139,162,8.032,8,20
CT-2044.2,-118.2116319,34.04453652,2.39,-0.254,133,6.756,8,20
CT-2046,-118.2168183,34.03709175,2.094,-0.768,273,17.853,8,20
CT-2047,-118.2124637,34.03098696,2.343,-1.19,431,30.390,8,20
CT-2048.1,-118.2030125,34.0285607,2.884,-1.358,284,17.539,8,20
CT-2048.2,-118.2058535,34.0238201,2.722,-1.685,165,8.712,8,20
CT-2049.1,-118.1955823,34.02488767,3.31,-1.612,207,11.171,8,20
CT-2049.2,-118.1975098,34.01750528,3.2,-2.122,182,12.537,8,20
CT-2051.1,-118.2143108,34.02451074,2.238,-1.638,261,14.638,8,20
CT-2051.2,-118.2118079,34.01875944,2.381,-2.035,265,22.378,8,20
CT-2060.1,-118.2312345,34.06882677,1.268,1.424,150,11.643,8,20
CT-2060.2,-118.2317509,34.05755096,1.238,0.645,186,12.486,8,20
CT-2060.5,-118.2228987,34.03151649,1.746,-1.154,93,10.329,8,20
CT-2060.51,-118.2324815,34.02749049,1.197,-1.432,49,6.504,8,20
CT-2060.52,-118.2335437,34.04817886,1.136,-0.002,88,5.564,8,20
CT-2060.53,-118.2243982,34.04503748,1.659,-0.219,110,6.641,8,20
CT-2060.54,-118.2254678,34.04992842,1.598,0.119,189,10.094,8,20
CT-2062.01,-118.2440141,34.04749215,0.536,-0.05,65,3.051,8,20
CT-2062.02,-118.2403322,34.04673669,0.747,-0.102,71,3.915,8,20
CT-2063.01,-118.2476356,34.04366801,0.329,-0.314,62,2.171,8,20
CT-2063.02,-118.2456498,34.04270036,0.443,-0.381,62,2.013,8,20
CT-2063.03,-118.241593,34.04015138,0.675,-0.557,55,3.001,8,20
CT-2071.01,-118.2448299,34.06120757,0.49,0.898,127,6.486,8,20
CT-2071.02,-118.2395219,34.05928999,0.793,0.766,134,6.949,8,20
CT-2071.03,-118.2392847,34.06448725,0.807,1.125,65,3.394,8,20
CT-2073.03,-118.2539041,34.04329659,-0.03,-0.34,78,2.920,8,20
CT-2073.04,-118.2515097,34.04630626,0.107,-0.132,63,2.076,8,20
CT-2073.05,-118.2496737,34.04943284,0.212,0.084,31,1.723,8,20
CT-2073.06,-118.2464378,34.0488633,0.398,0.045,65,2.748,8,20
CT-2073.07,-118.2492803,34.04600582,0.235,-0.152,36,1.031,8,20
CT-2073.08,-118.2506661,34.04460625,0.156,-0.249,38,1.020,8,20
CT-2074,-118.2456022,34.05577888,0.445,0.523,53,4.040,8,20
CT-2075.01,-118.2529797,34.05644706,0.023,0.569,62,2.281,8,20
CT-2075.02,-118.2530962,34.0527119,0.016,0.311,115,5.870,8,20
CT-2077.11,-118.2647898,34.04635549,-0.653,-0.128,37,3.048,8,20
CT-2077.12,-118.2564214,34.04774968,-0.174,-0.032,101,5.205,8,20
CT-2079.01,-118.2641785,34.04291897,-0.618,-0.366,93,4.711,8,20
CT-2079.02,-118.2590183,34.03983906,-0.323,-0.578,187,11.772,8,20
CT-2080.01,-118.2552968,34.06054893,-0.11,0.853,63,3.718,8,20
CT-2080.02,-118.2572098,34.06552382,-0.219,1.196,296,15.815,8,20
CT-2083.01,-118.2658613,34.06198299,-0.714,0.952,126,4.814,8,20
CT-2083.02,-118.2624938,34.06348373,-0.522,1.055,192,10.284,8,20
CT-2084.01,-118.269142,34.06377078,-0.902,1.075,200,8.516,8,20
CT-2084.02,-118.2660254,34.0683693,-0.724,1.393,166,7.857,8,20
CT-2085.01,-118.2719585,34.06953647,-1.063,1.474,88,3.828,8,20
CT-2085.02,-118.2741767,34.06605386,-1.19,1.233,190,8.109,8,20
CT-2086.1,-118.2817846,34.0721639,-1.626,1.655,156,7.944,8,20
CT-2086.2,-118.2779951,34.06971386,-1.409,1.486,169,8.361,8,20
CT-2087.1,-118.2825535,34.06573244,-1.67,1.211,196,7.649,8,20
CT-2087.2,-118.2811167,34.0627677,-1.588,1.006,144,7.799,8,20
CT-2088.01,-118.2766286,34.06009971,-1.331,0.821,111,5.247,8,20
CT-2088.02,-118.278681,34.06215028,-1.448,0.963,113,5.572,8,20
CT-2089.02,-118.2723843,34.0564511,-1.088,0.569,156,6.174,8,20
CT-2089.03,-118.2733717,34.05980453,-1.144,0.801,176,8.060,8,20
CT-2089.04,-118.2701051,34.05957295,-0.957,0.785,199,6.887,8,20
CT-2091.03,-118.2640424,34.05711483,-0.61,0.615,180,6.384,8,20
CT-2091.04,-118.2663883,34.05918304,-0.745,0.758,96,3.075,8,20
CT-2091.05,-118.2677618,34.0576534,-0.823,0.652,255,8.379,8,20
CT-2091.06,-118.2674476,34.05426636,-0.805,0.418,75,3.337,8,20
CT-2092.01,-118.2626654,34.05238995,-0.531,0.289,102,3.862,8,20
CT-2092.02,-118.2600065,34.05547633,-0.379,0.502,93,3.932,8,20
CT-2093,-118.2683137,34.05073484,-0.855,0.174,187,9.024,8,20
CT-2094.01,-118.2815369,34.05672602,-1.612,0.588,152,6.638,8,20
CT-2094.02,-118.2772331,34.05466674,-1.365,0.446,228,8.160,8,20
CT-2094.03,-118.2738568,34.05313764,-1.172,0.34,234,8.265,8,20
CT-2095.1,-118.2819706,34.05296749,-1.637,0.329,122,4.966,8,20
CT-2095.2,-118.2769625,34.05055678,-1.35,0.162,141,6.090,8,20
CT-2098.1,-118.2823571,34.04912214,-1.659,0.063,116,4.198,8,20
CT-2098.2,-118.278267,34.04721809,-1.425,-0.069,162,6.398,8,20
CT-2100.1,-118.272322,34.0468551,-1.084,-0.094,146,7.641,8,20
CT-2110,-118.3317537,34.06779078,-4.486,1.353,206,22.455,8,20
CT-2111.21,-118.2854228,34.07301489,-1.834,1.714,94,4.327,8,20
CT-2111.22,-118.2892356,34.07268423,-2.052,1.691,108,5.330,8,20
CT-2111.23,-118.2872026,34.06272311,-1.936,1.003,64,2.739,8,20
CT-2111.24,-118.2880454,34.06633795,-1.984,1.253,207,10.333,8,20
CT-2112.01,-118.2984815,34.07453429,-2.581,1.819,137,5.193,8,20
CT-2112.02,-118.2941252,34.07452577,-2.332,1.818,85,3.362,8,20
CT-2113.1,-118.298505,34.07091401,-2.583,1.569,150,5.461,8,20
CT-2113.2,-118.2941516,34.07087633,-2.334,1.566,120,4.953,8,20
CT-2114.1,-118.3073277,34.07261911,-3.088,1.687,133,6.035,8,20
CT-2114.2,-118.3029545,34.07264124,-2.837,1.688,125,6.130,8,20
CT-2115,-118.3152718,34.07246136,-3.542,1.676,182,13.493,8,20
CT-2117.01,-118.3184653,34.06534538,-3.725,1.184,90,5.461,8,20
CT-2117.03,-118.3115942,34.0671515,-3.332,1.309,156,6.229,8,20
CT-2117.04,-118.3115905,34.06351631,-3.332,1.058,108,4.413,8,20
CT-2118.02,-118.3047376,34.06354228,-2.94,1.059,158,7.863,8,20
CT-2118.03,-118.3022444,34.06719282,-2.797,1.312,159,5.731,8,20
CT-2118.04,-118.3066189,34.06716676,-3.047,1.31,120,4.935,8,20
CT-2119.1,-118.2985158,34.06721265,-2.583,1.313,144,5.547,8,20
CT-2119.21,-118.2929142,34.0672369,-2.263,1.315,93,3.167,8,20
CT-2119.22,-118.2954103,34.067227,-2.406,1.314,132,4.489,8,20
CT-2121.01,-118.2941536,34.06360044,-2.334,1.063,99,3.900,8,20
CT-2121.02,-118.2985097,34.06357747,-2.583,1.062,108,3.857,8,20
CT-2122.02,-118.2879442,34.05637062,-1.979,0.564,133,5.790,8,20
CT-2122.03,-118.2903684,34.05976701,-2.117,0.798,101,3.606,8,20
CT-2122.04,-118.2865445,34.05983009,-1.898,0.803,145,5.924,8,20
CT-2123.03,-118.2935266,34.05976816,-2.298,0.799,150,5.930,8,20
CT-2123.04,-118.2979266,34.05985862,-2.55,0.805,63,2.624,8,20
CT-2123.05,-118.2981746,34.05610865,-2.564,0.546,175,6.153,8,20
CT-2123.06,-118.2940848,34.05613284,-2.33,0.547,158,6.144,8,20
CT-2124.1,-118.3022383,34.05956555,-2.797,0.785,145,5.612,8,20
CT-2124.2,-118.3019899,34.05609248,-2.783,0.545,124,4.549,8,20
CT-2125.01,-118.3053759,34.05607488,-2.976,0.543,63,1.999,8,20
CT-2125.02,-118.3069796,34.05864655,-3.068,0.721,86,4.088,8,20
CT-2126.1,-118.313882,34.05984962,-3.463,0.804,183,9.042,8,20
CT-2126.2,-118.3130719,34.05636559,-3.417,0.563,144,6.780,8,20
CT-2127.01,-118.3193261,34.05430856,-3.775,0.421,92,4.934,8,20
CT-2127.02,-118.3262029,34.05851955,-4.169,0.712,140,9.706,8,20
CT-2128,-118.3306107,34.05187108,-4.421,0.253,125,7.495,8,20
CT-2129,-118.3215271,34.04945895,-3.901,0.086,193,9.921,8,20
CT-2131,-118.312705,34.05064132,-3.396,0.168,162,9.606,8,20
CT-2132.01,-118.3045423,34.05266069,-2.929,0.307,163,8.170,8,20
CT-2132.02,-118.3045157,34.04903423,-2.927,0.057,171,8.566,8,20
CT-2133.1,-118.2979037,34.05087916,-2.549,0.184,95,4.805,8,20
CT-2133.2,-118.2937122,34.05088793,-2.309,0.185,99,4.879,8,20
CT-2134.01,-118.2879148,34.05371179,-1.977,0.38,215,9.280,8,20
CT-2134.02,-118.2879004,34.04984538,-1.976,0.113,206,10.283,8,20
CT-2140,-118.3485142,34.0748584,-5.445,1.841,226,16.875,8,20
CT-2141,-118.3392861,34.07466887,-4.917,1.828,154,11.702,8,20
CT-2144,-118.3573398,34.07817147,-5.95,2.07,111,5.382,8,20
CT-2145.01,-118.357907,34.0712411,-5.983,1.591,134,9.063,8,20
CT-2145.03,-118.3541278,34.06684672,-5.767,1.288,121,5.473,8,20
CT-2145.04,-118.3502017,34.06712572,-5.542,1.307,149,6.148,8,20
CT-2145.05,-118.3506474,34.06896143,-5.567,1.434,35,1.606,8,20
CT-2146,-118.3656566,34.0727923,-6.426,1.699,79,4.599,8,20
CT-2147,-118.3661651,34.06650173,-6.456,1.264,104,6.252,8,20
CT-2148,-118.3730644,34.07139383,-6.85,1.602,102,6.058,8,20
CT-2149.02,-118.3801019,34.07296176,-7.253,1.71,100,6.117,8,20
CT-2149.03,-118.3892029,34.07425173,-7.774,1.799,63,2.557,8,20
CT-2149.04,-118.3857387,34.07431253,-7.575,1.804,56,2.172,8,20
CT-2151.01,-118.3540215,34.06365559,-5.761,1.067,113,6.296,8,20
CT-2151.02,-118.3456139,34.06499485,-5.279,1.16,79,4.016,8,20
CT-2161,-118.3379842,34.05693042,-4.843,0.602,72,4.638,8,20
CT-2162.01,-118.3477151,34.05940417,-5.4,0.773,93,5.203,8,20
CT-2162.02,-118.3487487,34.05503826,-5.459,0.472,87,4.793,8,20
CT-2163.01,-118.3681343,34.06111785,-6.569,0.892,73,4.751,8,20
CT-2163.02,-118.3575213,34.05906718,-5.961,0.75,110,6.748,8,20
CT-2164.01,-118.3797443,34.0567051,-7.234,0.587,137,7.064,8,20
CT-2164.02,-118.3804486,34.06115833,-7.274,0.895,89,3.861,8,20
CT-2167,-118.3719612,34.04824995,-6.789,0.003,129,8.368,8,20
CT-2168,-118.3706165,34.05578893,-6.711,0.524,141,8.863,8,20
CT-2169.01,-118.3635988,34.04756136,-6.31,-0.045,109,6.797,8,20
CT-2169.02,-118.3622608,34.05421689,-6.233,0.415,99,5.161,8,20
CT-2170.01,-118.3870422,34.05238852,-7.652,0.289,183,11.660,8,20
CT-2170.02,-118.3805055,34.04953823,-7.278,0.092,179,11.772,8,20
CT-2171.01,-118.3554797,34.04652891,-5.845,-0.116,149,8.089,8,20
CT-2171.02,-118.3538019,34.05089663,-5.749,0.186,97,5.610,8,20
CT-2172,-118.3424716,34.04958887,-5.1,0.095,161,11.914,8,20
CT-2181.1,-118.3275654,34.0443303,-4.247,-0.268,151,9.507,8,20
CT-2181.2,-118.3206881,34.04356798,-3.854,-0.321,195,10.240,8,20
CT-2182.1,-118.3423178,34.04279559,-5.092,-0.374,184,9.155,8,20
CT-2182.2,-118.3349041,34.04340605,-4.668,-0.332,148,8.763,8,20
CT-2183,-118.354913,34.04228677,-5.813,-0.409,196,17.508,8,20
CT-2184,-118.3592464,34.03693269,-6.062,-0.779,235,15.036,8,20
CT-2185,-118.3505816,34.03739055,-5.566,-0.748,103,5.740,8,20
CT-2186,-118.3427556,34.03718865,-5.117,-0.762,105,5.652,8,20
CT-2187.01,-118.333318,34.0373937,-4.577,-0.747,73,4.269,8,20
CT-2187.02,-118.3337887,34.0334122,-4.604,-1.023,89,5.017,8,20
CT-2188,-118.3230217,34.03778457,-3.987,-0.72,113,6.093,8,20
CT-2189,-118.3230293,34.03269899,-3.988,-1.072,233,14.733,8,20
CT-2190.1,-118.3229384,34.02761919,-3.983,-1.423,139,7.703,8,20
CT-2190.2,-118.3226851,34.02221318,-3.969,-1.796,361,22.389,8,20
CT-2193,-118.3318422,34.02676363,-4.493,-1.482,177,10.878,8,20
CT-2195,-118.340577,34.0209239,-4.994,-1.885,99,6.435,8,20
CT-2197,-118.3490813,34.02776112,-5.48,-1.413,249,20.219,8,20
CT-2198,-118.3547722,34.0299439,-5.806,-1.262,126,7.353,8,20
CT-2199.01,-118.3605348,34.0297426,-6.136,-1.276,263,15.613,8,20
CT-2199.02,-118.3686821,34.03004028,-6.603,-1.256,112,7.483,8,20
CT-2200,-118.340205,34.02784553,-4.972,-1.407,226,15.600,8,20
CT-2201,-118.3667173,34.02385428,-6.491,-1.683,103,8.699,8,20
CT-2211.1,-118.2878409,34.04572439,-1.973,-0.172,205,9.444,8,20
CT-2211.2,-118.2879094,34.04210494,-1.977,-0.422,175,8.432,8,20
CT-2212.1,-118.3028754,34.04366729,-2.834,-0.314,155,7.722,8,20
CT-2212.2,-118.2960336,34.0435785,-2.442,-0.32,126,8.459,8,20
CT-2213.02,-118.3115043,34.0417505,-3.328,-0.446,194,11.373,8,20
CT-2213.03,-118.3084506,34.04538733,-3.153,-0.195,142,6.296,8,20
CT-2213.04,-118.3146583,34.04536688,-3.508,-0.197,182,8.006,8,20
CT-2214.01,-118.3132816,34.03389083,-3.43,-0.989,159,9.061,8,20
CT-2214.02,-118.3090596,34.03844786,-3.188,-0.675,166,11.086,8,20
CT-2215,-118.3046494,34.03485037,-2.936,-0.923,194,9.811,8,20
CT-2216.01,-118.2959387,34.03482142,-2.437,-0.925,156,7.835,8,20
CT-2216.02,-118.2921149,34.0384347,-2.218,-0.676,96,6.566,8,20
CT-2217.1,-118.2876437,34.03470315,-1.962,-0.933,108,5.508,8,20
CT-2218.1,-118.2923137,34.03066162,-2.229,-1.213,85,4.010,8,20
CT-2218.2,-118.2865107,34.03045746,-1.897,-1.227,75,3.233,8,20
CT-2219,-118.2895702,34.02677194,-2.072,-1.481,139,8.911,8,20
CT-2220.01,-118.3132927,34.02820029,-3.431,-1.383,106,5.793,8,20
CT-2220.02,-118.3132904,34.02189624,-3.431,-1.818,267,15.958,8,20
CT-2221,-118.3023899,34.02732183,-2.806,-1.443,229,14.143,8,20
CT-2222,-118.3024278,34.03092153,-2.809,-1.195,222,13.363,8,20
CT-2225,-118.304563,34.02185459,-2.931,-1.821,327,19.456,8,20
CT-2226,-118.2958832,34.0218473,-2.434,-1.822,198,11.654,8,20
CT-2227,-118.2856722,34.02093444,-1.849,-1.885,237,16.628,8,20
CT-2240.1,-118.26591,34.03676847,-0.717,-0.791,101,8.078,8,20
CT-2240.2,-118.2686691,34.03048757,-0.875,-1.225,150,11.532,8,20
CT-2242,-118.2767304,34.0406262,-1.337,-0.524,130,6.626,8,20
CT-2243.1,-118.2827335,34.04438885,-1.68,-0.264,103,4.431,8,20
CT-2243.2,-118.2808663,34.04158986,-1.574,-0.458,137,7.103,8,20
CT-2244.1,-118.2799916,34.03514181,-1.524,-0.903,103,6.055,8,20
CT-2244.2,-118.276916,34.03165435,-1.348,-1.144,82,3.779,8,20
CT-2246,-118.2718145,34.02230373,-1.056,-1.79,205,12.041,8,20
CT-2247.01,-118.2806824,34.02863441,-1.563,-1.353,117,5.977,8,20
CT-2247.02,-118.2796155,34.02486443,-1.502,-1.613,103,5.601,8,20
CT-2260.01,-118.2502832,34.02448515,0.177,-1.639,160,17.005,8,20
CT-2260.02,-118.2477829,34.03262349,0.321,-1.077,70,7.346,8,20
CT-2264.1,-118.2622936,34.02420446,-0.51,-1.659,246,11.102,8,20
CT-2264.2,-118.2570745,34.02184681,-0.211,-1.822,317,15.656,8,20
CT-2267.01,-118.2647888,34.01764446,-0.653,-2.112,286,15.272,8,20
CT-2267.02,-118.2596931,34.01708743,-0.361,-2.151,488,28.624,8,20
CT-2270.1,-118.2470091,34.01853039,0.365,-2.051,446,30.260,8,20
CT-2270.2,-118.2519452,34.01575852,0.082,-2.242,204,10.340,8,20
CT-2281,-118.2439729,34.00962195,0.539,-2.666,410,28.334,8,20
CT-2282.1,-118.253494,34.01041685,-0.006,-2.611,286,15.010,8,20
CT-2282.2,-118.2513315,34.00605038,0.117,-2.913,354,18.530,8,20
CT-2283.1,-118.2624282,34.01135579,-0.518,-2.547,332,20.200,8,20
CT-2283.2,-118.2636482,34.00782673,-0.588,-2.79,314,16.915,8,20
CT-2284.1,-118.2691254,34.01374485,-0.902,-2.382,298,13.631,8,20
CT-2284.2,-118.2719036,34.00826473,-1.061,-2.76,347,16.236,8,20
CT-2285,-118.2690769,34.00349682,-0.899,-3.09,411,21.510,8,20
CT-2286,-118.2608782,34.00369839,-0.429,-3.076,371,22.665,8,20
CT-2287.1,-118.2543025,33.99937283,-0.053,-3.375,276,14.880,8,20
CT-2287.2,-118.2499528,33.99937189,0.196,-3.375,407,21.784,8,20
CT-2288,-118.2432687,33.99925179,0.579,-3.383,416,27.176,8,20
CT-2289,-118.2430265,33.99205926,0.593,-3.88,225,12.517,8,20
CT-2291,-118.252108,33.99216558,0.073,-3.873,459,24.937,8,20
CT-2292,-118.2608405,33.99827637,-0.427,-3.45,309,16.265,8,20
CT-2293,-118.2696831,33.99807647,-0.934,-3.464,413,23.108,8,20
CT-2294.1,-118.269574,33.99224079,-0.928,-3.867,323,17.634,8,20
CT-2294.2,-118.2608299,33.99253597,-0.427,-3.847,288,16.909,8,20
CT-2311,-118.2765701,34.01525266,-1.328,-2.277,215,14.632,8,20
CT-2312.1,-118.2980404,34.01453338,-2.558,-2.327,229,11.760,8,20
CT-2312.2,-118.2893875,34.0145683,-2.062,-2.325,258,17.611,8,20
CT-2313.01,-118.3020941,34.0153598,-2.79,-2.27,117,5.233,8,20
CT-2313.02,-118.3059068,34.01405809,-3.008,-2.36,152,8.578,8,20
CT-2314,-118.3130117,34.01455968,-3.415,-2.325,247,14.936,8,20
CT-2315,-118.3108388,34.00728251,-3.291,-2.828,275,19.343,8,20
CT-2316.01,-118.3023721,34.0072749,-2.806,-2.829,125,6.201,8,20
CT-2316.02,-118.2980452,34.00727666,-2.558,-2.828,98,4.744,8,20
CT-2316.03,-118.293727,34.00728314,-2.311,-2.828,162,8.024,8,20
CT-2317.1,-118.2893698,34.00731849,-2.061,-2.826,193,9.278,8,20
CT-2317.2,-118.2840832,34.00745116,-1.759,-2.816,273,14.688,8,20
CT-2318,-118.2774773,34.00744952,-1.38,-2.817,408,22.585,8,20
CT-2319.01,-118.2761499,33.99830744,-1.304,-3.448,160,7.245,8,20
CT-2319.02,-118.2782635,34.00088605,-1.425,-3.27,272,15.103,8,20
CT-2321.1,-118.28933,33.99949962,-2.059,-3.366,155,8.238,8,20
CT-2321.2,-118.2839437,33.9996797,-1.751,-3.353,330,18.236,8,20
CT-2322,-118.2978857,34.00172911,-2.549,-3.212,207,13.115,8,20
CT-2323,-118.2981963,33.99742764,-2.567,-3.509,356,22.483,8,20
CT-2324.01,-118.3082356,34.00019757,-3.142,-3.318,224,13.976,8,20
CT-2324.02,-118.3135852,33.99853991,-3.449,-3.432,132,8.041,8,20
CT-2325,-118.3108288,33.99208826,-3.291,-3.878,256,17.089,8,20
CT-2326.01,-118.302364,33.99211312,-2.806,-3.876,98,4.670,8,20
CT-2326.02,-118.295849,33.99208933,-2.433,-3.878,282,15.780,8,20
CT-2327.01,-118.2893084,33.99220465,-2.058,-3.87,156,7.143,8,20
CT-2327.02,-118.28376,33.99244065,-1.74,-3.854,261,13.456,8,20
CT-2328,-118.2772005,33.99240278,-1.365,-3.856,355,18.127,8,20
CT-2340.01,-118.3235561,34.01261048,-4.019,-2.46,101,7.251,8,20
CT-2340.02,-118.3190317,34.01146974,-3.76,-2.539,119,8.412,8,20
CT-2342,-118.3311645,34.01641229,-4.455,-2.197,99,6.743,8,20
CT-2343.01,-118.331369,34.00781487,-4.467,-2.791,65,3.717,8,20
CT-2343.02,-118.3258218,34.00678994,-4.149,-2.862,73,3.889,8,20
CT-2345.01,-118.3244473,33.9974996,-4.071,-3.504,166,11.034,8,20
CT-2345.02,-118.3244349,34.00187138,-4.07,-3.202,123,7.774,8,20
CT-2346,-118.3276453,33.99221271,-4.255,-3.869,226,20.762,8,20
CT-2347,-118.3276974,33.98722599,-4.258,-4.214,149,11.956,8,20
CT-2348,-118.3220948,33.98182826,-3.937,-4.587,133,7.705,8,20
CT-2349.01,-118.3286731,33.98179249,-4.314,-4.589,154,7.624,8,20
CT-2349.02,-118.3341041,33.9822624,-4.625,-4.557,177,9.329,8,20
CT-2351,-118.346336,33.98524712,-5.326,-4.351,141,11.204,8,20
CT-2352.01,-118.322127,33.97455837,-3.939,-5.089,145,8.560,8,20
CT-2352.02,-118.3303882,33.97308501,-4.413,-5.191,140,9.659,8,20
CT-2360.01,-118.3645399,34.01575667,-6.366,-2.243,158,16.557,8,20
CT-2361.01,-118.339621,34.01473919,-4.939,-2.313,124,7.095,8,20
CT-2361.02,-118.3409929,34.00998298,-5.018,-2.641,135,8.699,8,20
CT-2362.03,-118.3467828,34.01845997,-5.349,-2.056,192,9.706,8,20
CT-2362.04,-118.3492017,34.01472137,-5.488,-2.314,133,5.825,8,20
CT-2362.05,-118.3522378,34.01543171,-5.662,-2.265,151,6.479,8,20
CT-2362.06,-118.3536096,34.01807607,-5.74,-2.082,111,6.532,8,20
CT-2364,-118.3512737,34.00670494,-5.607,-2.868,193,17.687,8,20
CT-2371.01,-118.2913894,33.98562827,-2.178,-4.324,321,18.721,8,20
CT-2371.02,-118.2837357,33.98576015,-1.739,-4.315,266,13.851,8,20
CT-2372.01,-118.2991271,33.9857305,-2.621,-4.317,226,11.413,8,20
CT-2372.02,-118.3101674,33.98558028,-3.253,-4.328,281,22.050,8,20
CT-2373,-118.3110836,33.97828808,-3.306,-4.832,225,15.993,8,20
CT-2374.01,-118.2948206,33.97847239,-2.374,-4.819,278,15.075,8,20
CT-2374.02,-118.3013464,33.97846668,-2.748,-4.819,149,8.149,8,20
CT-2375,-118.2893215,33.97830714,-2.059,-4.83,159,8.081,8,20
CT-2376,-118.2838841,33.97851837,-1.748,-4.816,199,11.093,8,20
CT-2377.1,-118.2861486,33.97270074,-1.878,-5.218,402,21.791,8,20
CT-2377.2,-118.2861633,33.96929115,-1.879,-5.453,414,21.753,8,20
CT-2378,-118.2981335,33.97096491,-2.564,-5.338,162,10.878,8,20
CT-2379,-118.3112046,33.97093413,-3.313,-5.34,240,16.894,8,20
CT-2380,-118.3097372,33.94729931,-3.23,-6.973,285,24.996,8,20
CT-2381,-118.3112111,33.96363281,-3.314,-5.844,207,15.596,8,20
CT-2382,-118.2979899,33.96350061,-2.556,-5.853,207,15.371,8,20
CT-2383.1,-118.2861196,33.96604837,-1.876,-5.677,288,15.274,8,20
CT-2383.2,-118.286167,33.96215756,-1.879,-5.946,195,11.435,8,20
CT-2384,-118.3090039,33.95635386,-3.188,-6.347,197,16.612,8,20
CT-2392.01,-118.2771821,33.98578533,-1.364,-4.313,227,11.861,8,20
CT-2392.02,-118.2649887,33.985683,-0.665,-4.321,762,61.910,8,20
CT-2393.1,-118.2773184,33.97853396,-1.372,-4.815,440,24.942,8,20
CT-2393.2,-118.2717506,33.97857244,-1.052,-4.812,252,13.041,8,20
CT-2393.3,-118.263115,33.97839239,-0.558,-4.824,161,11.283,8,20
CT-2395.01,-118.2629049,33.97299052,-0.546,-5.198,195,12.077,8,20
CT-2395.02,-118.2630563,33.9693344,-0.554,-5.45,327,19.668,8,20
CT-2396.01,-118.27531,33.9728418,-1.257,-5.208,194,10.376,8,20
CT-2396.02,-118.2749144,33.96945536,-1.234,-5.442,313,17.422,8,20
CT-2397.01,-118.2752753,33.96609679,-1.255,-5.674,376,19.922,8,20
CT-2397.02,-118.2750128,33.96220683,-1.24,-5.943,298,16.904,8,20
CT-2398.01,-118.2629439,33.96605807,-0.548,-5.677,243,13.634,8,20
CT-2398.02,-118.2629611,33.96241277,-0.549,-5.928,478,30.048,8,20
CT-2400.1,-118.2637953,33.95832072,-0.597,-6.211,240,16.302,8,20
CT-2400.2,-118.2639002,33.95426895,-0.603,-6.491,356,23.968,8,20
CT-2402,-118.2761537,33.95603854,-1.305,-6.369,352,21.933,8,20
CT-2403.01,-118.2838152,33.95641092,-1.744,-6.343,147,8.278,8,20
CT-2403.02,-118.2892918,33.95641896,-2.058,-6.343,156,7.725,8,20
CT-2404.01,-118.285728,33.94992317,-1.854,-6.791,372,23.881,8,20
CT-2404.02,-118.285491,33.9446941,-1.841,-7.153,163,10.237,8,20
CT-2405,-118.2756776,33.94693189,-1.278,-6.998,526,34.691,8,20
CT-2406,-118.2684181,33.94694988,-0.862,-6.997,508,31.524,8,20
CT-2407,-118.259404,33.94702019,-0.345,-6.992,403,29.881,8,20
CT-2408,-118.2611051,33.93980027,-0.443,-7.491,292,19.830,8,20
CT-2409.01,-118.2593629,33.93250254,-0.343,-7.995,229,13.211,8,20
CT-2409.02,-118.263738,33.93547247,-0.594,-7.79,369,23.542,8,20
CT-2410.01,-118.2665631,33.92931071,-0.756,-8.216,267,23.708,8,20
CT-2410.02,-118.2614145,33.92526663,-0.461,-8.495,267,19.373,8,20
CT-2411.1,-118.2717098,33.93649895,-1.051,-7.719,345,20.916,8,20
CT-2411.2,-118.2768484,33.93644951,-1.345,-7.722,250,15.532,8,20
CT-2412.01,-118.285847,33.94024509,-1.861,-7.46,208,11.610,8,20
CT-2412.02,-118.285765,33.93343611,-1.856,-7.931,384,28.774,8,20
CT-2413,-118.2862499,33.9261379,-1.884,-8.435,145,8.403,8,20
CT-2414,-118.2755717,33.92558732,-1.272,-8.473,230,13.437,8,20
CT-2420,-118.2502277,33.93928703,0.181,-7.526,243,14.151,8,20
CT-2421,-118.2323784,33.94563474,1.204,-7.088,179,10.016,8,20
CT-2422.01,-118.2379759,33.95074182,0.883,-6.735,250,12.773,8,20
CT-2422.02,-118.2404352,33.94656422,0.742,-7.024,215,12.084,8,20
CT-2423,-118.2461267,33.9485109,0.416,-6.889,350,22.209,8,20
CT-2426,-118.2502544,33.93238079,0.179,-8.004,305,17.339,8,20
CT-2427,-118.2426608,33.9363585,0.615,-7.729,380,28.634,8,20
CT-2430.01,-118.236257,33.93986772,0.982,-7.486,318,15.959,8,20
CT-2430.02,-118.231449,33.9390115,1.257,-7.545,214,10.708,8,20
CT-2431,-118.2351538,33.93269842,1.045,-7.982,538,31.243,8,20
CT-2611.02,-118.4248559,34.11320663,-9.81,4.491,165,28.581,8,20
CT-2611.03,-118.3864232,34.1175868,-7.611,4.794,83,8.251,8,20
CT-2611.04,-118.4074813,34.1105383,-8.816,4.307,74,11.461,8,20
CT-2612,-118.4440011,34.11268379,-10.905,4.455,167,32.934,8,20
CT-2621,-118.4510248,34.09573525,-11.309,3.284,119,24.673,8,20
CT-2622,-118.4698193,34.10174156,-12.384,3.699,228,53.332,8,20
CT-2623.01,-118.4921348,34.10392842,-13.66,3.85,142,34.549,8,20
CT-2623.02,-118.4768536,34.07512876,-12.79,1.86,135,16.166,8,20
CT-2623.03,-118.4868615,34.06607463,-13.364,1.234,136,15.177,8,20
CT-2624,-118.508641,34.09181917,-14.607,3.013,187,52.923,8,20
CT-2625.01,-118.5206178,34.04998384,-15.299,0.122,202,16.591,8,20
CT-2626.01,-118.5558023,34.07383918,-17.309,1.771,173,25.033,8,20
CT-2626.04,-118.5484244,34.05132502,-16.891,0.215,269,47.888,8,20
CT-2627.04,-118.5415221,34.04128591,-16.498,-0.479,173,20.474,8,20
CT-2627.06,-118.526466,34.03643823,-15.637,-0.813,194,22.537,8,20
CT-2628.02,-118.5082678,34.04223133,-14.594,-0.413,172,28.826,8,20
CT-2640,-118.4815142,34.05455465,-13.06,0.438,138,15.161,8,20
CT-2641.02,-118.4693893,34.05951343,-12.365,0.781,101,5.672,8,20
CT-2641.03,-118.4662886,34.05498197,-12.188,0.468,92,3.847,8,20
CT-2643.03,-118.4660573,34.05145397,-12.176,0.224,92,3.986,8,20
CT-2643.04,-118.4624397,34.05052316,-11.969,0.16,114,5.348,8,20
CT-2643.05,-118.4789073,34.04768786,-12.912,-0.036,224,20.615,8,20
CT-2643.06,-118.4691451,34.0453387,-12.353,-0.198,78,4.346,8,20
CT-2651,-118.4288617,34.07372005,-10.044,1.763,107,10.947,8,20
CT-2652.01,-118.4364214,34.06683236,-10.477,1.287,122,7.247,8,20
CT-2652.03,-118.4382637,34.06211816,-10.583,0.961,58,2.814,8,20
CT-2652.04,-118.4446204,34.06165574,-10.947,0.929,41,1.956,8,20
CT-2653.01,-118.4454465,34.07107364,-10.993,1.58,392,34.431,8,20
CT-2653.03,-118.4534229,34.06727885,-11.45,1.318,153,6.224,8,20
CT-2653.04,-118.4511732,34.06775948,-11.321,1.351,71,2.748,8,20
CT-2653.06,-118.4489441,34.06573848,-11.194,1.211,52,1.948,8,20
CT-2653.07,-118.4490735,34.06139673,-11.202,0.911,72,4.061,8,20
CT-2654.1,-118.4632571,34.06560746,-12.013,1.202,92,7.868,8,20
CT-2654.2,-118.4594548,34.07044656,-11.795,1.536,86,5.689,8,20
CT-2655.21,-118.4448375,34.05670789,-10.96,0.587,71,2.754,8,20
CT-2655.22,-118.4414999,34.05637397,-10.769,0.564,72,3.584,8,20
CT-2655.23,-118.4387073,34.05203409,-10.61,0.264,86,4.158,8,20
CT-2655.24,-118.4453329,34.05085621,-10.989,0.183,104,5.878,8,20
CT-2656.01,-118.4327381,34.05586474,-10.268,0.529,142,8.392,8,20
CT-2656.02,-118.4341692,34.06024576,-10.349,0.832,123,7.092,8,20
CT-2657.01,-118.4220997,34.06274023,-9.658,1.004,67,5.353,8,20
CT-2657.02,-118.4273491,34.06426653,-9.958,1.109,116,5.887,8,20
CT-2671.01,-118.4280094,34.05079586,-9.997,0.179,141,7.556,8,20
CT-2671.02,-118.4218668,34.0539722,-9.645,0.398,114,6.618,8,20
CT-2672.01,-118.4403016,34.04430696,-10.702,-0.27,108,6.635,8,20
CT-2672.02,-118.4339908,34.047061,-10.34,-0.079,141,7.715,8,20
CT-2673,-118.4497053,34.04520913,-11.24,-0.207,150,7.671,8,20
CT-2674.03,-118.4566422,34.04749895,-11.637,-0.049,125,5.947,8,20
CT-2674.04,-118.4605455,34.04563627,-11.861,-0.178,128,5.755,8,20
CT-2674.05,-118.4672696,34.04120942,-12.246,-0.484,86,3.486,8,20
CT-2674.06,-118.4638846,34.04342558,-12.052,-0.331,53,2.431,8,20
CT-2675.02,-118.4621738,34.03755505,-11.955,-0.736,110,5.604,8,20
CT-2675.03,-118.4542414,34.04249046,-11.5,-0.395,84,3.360,8,20
CT-2675.04,-118.4574996,34.04045389,-11.687,-0.536,160,7.103,8,20
CT-2676,-118.4524735,34.03408456,-11.4,-0.976,85,6.058,8,20
CT-2677,-118.4441702,34.03872659,-10.924,-0.655,103,6.860,8,20
CT-2678,-118.4306933,34.03958481,-10.152,-0.596,123,9.871,8,20
CT-2679.01,-118.4137282,34.05646091,-9.179,0.57,100,7.744,8,20
CT-2679.02,-118.4202104,34.04755704,-9.551,-0.045,141,9.399,8,20
CT-2690,-118.4038372,34.04211413,-8.614,-0.421,184,22.401,8,20
CT-2691,-118.3948375,34.0530753,-8.098,0.336,207,13.403,8,20
CT-2693,-118.4139428,34.04044588,-9.193,-0.537,215,20.732,8,20
CT-2695,-118.3938,34.04338615,-8.04,-0.333,222,17.395,8,20
CT-2696.01,-118.379464,34.04185949,-7.219,-0.439,146,6.990,8,20
CT-2696.02,-118.3844942,34.04327364,-7.507,-0.341,115,5.608,8,20
CT-2697,-118.3871651,34.03634086,-7.66,-0.82,127,9.333,8,20
CT-2698,-118.3968233,34.03204989,-8.214,-1.117,102,6.076,8,20
CT-2699.03,-118.4064885,34.02090798,-8.768,-1.887,123,6.283,8,20
CT-2699.05,-118.4018929,34.02186227,-8.505,-1.821,57,2.414,8,20
CT-2699.06,-118.4031868,34.0249641,-8.579,-1.606,119,5.604,8,20
CT-2699.07,-118.4067221,34.02805176,-8.781,-1.393,78,3.613,8,20
CT-2699.08,-118.4132226,34.02969165,-9.153,-1.28,46,1.982,8,20
CT-2699.09,-118.4105789,34.02596308,-9.002,-1.537,90,3.510,8,20
CT-2701.01,-118.3947478,34.02822503,-8.095,-1.381,74,4.725,8,20
CT-2701.02,-118.3983311,34.02567653,-8.301,-1.557,109,4.629,8,20
CT-2702,-118.3807031,34.03333494,-7.291,-1.028,146,11.290,8,20
CT-2703,-118.3708624,34.03973353,-6.727,-0.586,102,7.141,8,20
CT-2711,-118.4268253,34.03391734,-9.932,-0.988,104,7.632,8,20
CT-2712,-118.4420146,34.03139657,-10.802,-1.162,80,6.255,8,20
CT-2713,-118.4414067,34.02596494,-10.768,-1.537,220,18.631,8,20
CT-2714,-118.4474118,34.01008275,-11.114,-2.635,183,13.493,8,20
CT-2715,-118.4382537,34.016687,-10.588,-2.178,142,9.726,8,20
CT-2716,-118.4310651,34.02121927,-10.176,-1.865,193,13.142,8,20
CT-2717.02,-118.4260578,34.02561132,-9.889,-1.562,160,12.647,8,20
CT-2717.03,-118.4188339,34.02499209,-9.475,-1.604,106,6.804,8,20
CT-2717.04,-118.4195745,34.02889379,-9.517,-1.335,156,9.297,8,20
CT-2718.01,-118.4182465,34.01673108,-9.442,-2.175,97,5.491,8,20
CT-2718.03,-118.4103615,34.01947631,-8.99,-1.986,96,3.909,8,20
CT-2718.04,-118.4138783,34.02017397,-9.192,-1.937,93,5.290,8,20
CT-2719.01,-118.4241892,34.01385743,-9.783,-2.374,121,7.417,8,20
CT-2719.02,-118.4316893,34.00963378,-10.213,-2.666,147,9.752,8,20
CT-2721,-118.4423003,34.00371495,-10.822,-3.075,212,15.863,8,20
CT-2722.01,-118.4341387,34.00038802,-10.354,-3.304,59,2.576,8,20
CT-2722.02,-118.439161,33.99755807,-10.643,-3.5,129,6.649,8,20
CT-2723.01,-118.4222526,34.00502042,-9.673,-2.984,162,10.174,8,20
CT-2723.02,-118.4274541,34.00211445,-9.971,-3.185,152,8.793,8,20
CT-2731,-118.459824,34.00348937,-11.825,-3.09,103,7.659,8,20
CT-2732,-118.4669872,33.9975911,-12.237,-3.498,106,6.741,8,20
CT-2733,-118.4722195,33.99555897,-12.537,-3.638,118,7.467,8,20
CT-2734.03,-118.4793219,33.99111277,-12.944,-3.945,45,3.151,8,20
CT-2734.04,-118.4777008,33.99498902,-12.851,-3.678,43,1.902,8,20
CT-2735.02,-118.4719182,33.98707911,-12.521,-4.224,90,7.006,8,20
CT-2736,-118.4599554,33.99336567,-11.834,-3.79,101,6.063,8,20
CT-2737,-118.4526905,33.99838413,-11.417,-3.443,117,6.711,8,20
CT-2738,-118.4512744,33.99271497,-11.337,-3.835,109,9.945,8,20
CT-2739.02,-118.4663311,33.98323768,-12.201,-4.49,175,14.629,8,20
CT-2741,-118.4489344,33.98752722,-11.204,-4.193,200,13.147,8,20
CT-2742.02,-118.4617996,33.969876,-11.943,-5.413,162,17.344,8,20
CT-2751.01,-118.4039159,33.9991807,-8.623,-3.388,43,2.269,8,20
CT-2751.02,-118.410739,33.99796022,-9.014,-3.472,181,11.936,8,20
CT-2752,-118.4210233,33.99549474,-9.604,-3.643,140,8.105,8,20
CT-2753.11,-118.4233129,33.98844783,-9.736,-4.129,206,18.707,8,20
CT-2753.12,-118.4329449,33.98027341,-10.289,-4.694,74,5.459,8,20
CT-2753.13,-118.4323556,33.98542251,-10.254,-4.339,128,9.961,8,20
CT-2754,-118.4391851,33.99061856,-10.645,-3.98,132,9.131,8,20
CT-2755,-118.4144743,33.99229834,-9.229,-3.863,239,15.498,8,20
CT-2756.03,-118.406476,33.9862864,-8.771,-4.279,113,8.143,8,20
CT-2756.04,-118.4155024,33.97579775,-9.29,-5.004,370,47.554,8,20
CT-2756.05,-118.420792,33.978638,-9.592,-4.807,97,9.555,8,20
CT-2760,-118.3890319,33.96918338,-7.773,-5.461,243,25.832,8,20
CT-2761.01,-118.3783857,33.97535038,-7.163,-5.034,92,4.783,8,20
CT-2761.02,-118.3703695,33.97619111,-6.703,-4.976,117,12.714,8,20
CT-2764,-118.409514,33.96689312,-8.947,-5.619,203,16.967,8,20
CT-2765,-118.418047,33.96654617,-9.436,-5.643,272,20.970,8,20
CT-2766.01,-118.4335261,33.96419392,-10.324,-5.805,141,14.739,8,20
CT-2766.05,-118.4348461,33.95647612,-10.4,-6.339,117,5.630,8,20
CT-2766.06,-118.4383397,33.95513974,-10.601,-6.431,84,3.459,8,20
CT-2766.07,-118.4214808,33.95675586,-9.634,-6.319,99,5.672,8,20
CT-2766.08,-118.4293627,33.95772036,-10.086,-6.253,72,3.537,8,20
CT-2770,-118.4003457,33.97137274,-8.422,-5.309,287,30.003,8,20
CT-2771,-118.3784108,33.96522274,-7.165,-5.734,173,12.751,8,20
CT-2772,-118.3822507,33.95263365,-7.386,-6.604,81,6.383,8,20
CT-2774,-118.3743607,33.94904021,-6.934,-6.852,23,1.331,8,20
CT-2780.01,-118.4019912,33.95722221,-8.517,-6.287,103,10.705,8,20
CT-2781.02,-118.4503233,33.95723285,-11.287,-6.286,97,13.236,8,20
CT-2911.1,-118.2868331,33.920096,-1.918,-8.852,244,16.037,8,20
CT-2911.2,-118.2869389,33.91279685,-1.924,-9.357,130,8.180,8,20
CT-2911.3,-118.2871541,33.90244742,-1.937,-10.072,150,12.051,8,20
CT-2912.1,-118.2870936,33.88869544,-1.934,-11.022,259,21.689,8,20
CT-2912.2,-118.2867212,33.87714436,-1.913,-11.82,174,11.164,8,20
CT-2913,-118.2934648,33.86504107,-2.3,-12.657,145,17.568,8,20
CT-2920.01,-118.2993581,33.85130665,-2.638,-13.606,211,25.124,8,20
CT-2920.02,-118.3031397,33.83873543,-2.856,-14.474,121,6.489,8,20
CT-2932.03,-118.3064997,33.83234935,-3.049,-14.916,162,8.757,8,20
CT-2932.04,-118.3025271,33.82997593,-2.821,-15.08,361,24.273,8,20
CT-2932.05,-118.3039026,33.81836132,-2.9,-15.882,157,10.026,8,20
CT-2932.06,-118.3035706,33.82354283,-2.881,-15.524,170,9.083,8,20
CT-2933.01,-118.3038407,33.81118216,-2.897,-16.378,126,8.588,8,20
CT-2933.02,-118.3042208,33.80161677,-2.919,-17.039,228,17.067,8,20
CT-2933.04,-118.3043271,33.79262202,-2.925,-17.661,303,17.752,8,20
CT-2933.06,-118.3046544,33.78265556,-2.945,-18.349,114,7.361,8,20
CT-2933.07,-118.3035647,33.78738192,-2.882,-18.023,90,4.860,8,20
CT-2941.1,-118.2603959,33.7979845,-0.403,-17.29,203,15.372,8,20
CT-2941.2,-118.2475884,33.79578451,0.333,-17.442,241,20.300,8,20
CT-2942,-118.2694014,33.79484255,-0.92,-17.507,244,16.642,8,20
CT-2943.01,-118.2795648,33.7946667,-1.503,-17.519,168,10.483,8,20
CT-2943.02,-118.2783024,33.78488131,-1.431,-18.195,190,13.611,8,20
CT-2944.1,-118.2899053,33.7941328,-2.097,-17.556,255,16.873,8,20
CT-2944.21,-118.2975627,33.79027981,-2.537,-17.822,116,8.674,8,20
CT-2945.1,-118.2717062,33.78659259,-1.052,-18.077,285,16.697,8,20
CT-2945.2,-118.2658318,33.78683715,-0.715,-18.06,281,15.328,8,20
CT-2946.1,-118.258209,33.78732886,-0.277,-18.026,222,14.647,8,20
CT-2946.2,-118.2479388,33.78747446,0.313,-18.016,318,21.177,8,20
CT-2947.01,-118.2549198,33.77801417,-0.088,-18.67,136,12.526,8,20
CT-2948.1,-118.2715067,33.7795313,-1.041,-18.565,286,13.846,8,20
CT-2948.2,-118.2656379,33.77978679,-0.704,-18.547,244,12.140,8,20
CT-2948.3,-118.2670232,33.77294821,-0.783,-19.02,357,24.570,8,20
CT-2949,-118.2774575,33.77487511,-1.383,-18.887,298,18.263,8,20
CT-2951.03,-118.2963337,33.76248453,-2.467,-19.743,240,23.814,8,20
CT-2962.1,-118.283965,33.74761865,-1.757,-20.77,186,10.719,8,20
CT-2962.2,-118.283792,33.7410327,-1.747,-21.225,153,8.312,8,20
CT-2963,-118.3012866,33.7545933,-2.752,-20.288,191,15.197,8,20
CT-2964.01,-118.3141814,33.74177796,-3.493,-21.174,153,10.402,8,20
CT-2964.02,-118.3038634,33.74656295,-2.9,-20.843,116,8.119,8,20
CT-2965,-118.2930894,33.74831461,-2.281,-20.722,157,10.741,8,20
CT-2966,-118.2923747,33.73978773,-2.24,-21.311,225,14.776,8,20
CT-2969.01,-118.2945777,33.73016762,-2.367,-21.976,200,12.401,8,20
CT-2969.02,-118.2956545,33.73447539,-2.429,-21.678,181,11.781,8,20
CT-2970.01,-118.3124023,33.73362842,-3.392,-21.737,67,4.347,8,20
CT-2970.02,-118.3049898,33.73260123,-2.966,-21.808,190,13.504,8,20
CT-2971.1,-118.2841992,33.73466668,-1.771,-21.665,224,12.006,8,20
CT-2971.2,-118.2851049,33.72821998,-1.823,-22.111,129,7.129,8,20
CT-2972.01,-118.2914287,33.72490846,-2.187,-22.339,215,11.041,8,20
CT-2972.02,-118.2990195,33.72473977,-2.623,-22.351,160,9.099,8,20
CT-2973,-118.3153653,33.71601865,-3.562,-22.954,95,12.891,8,20
CT-2974,-118.3238876,33.72221485,-4.052,-22.526,125,15.271,8,20
CT-2975.02,-118.2965031,33.71563374,-2.478,-22.98,68,5.947,8,20
CT-2976.02,-118.290333,33.71590739,-2.124,-22.961,143,9.768,8,20
CT-9800.08,-118.4906887,34.21063712,-13.56,11.223,9,0.942,8,20
CT-9800.09,-118.3013199,34.13735707,-2.742,6.16,0,0.000,8,20
CT-9800.1,-118.2393497,34.08004715,0.803,2.2,2,0.443,8,20
CT-9800.14,-118.238368,33.78256289,0.862,-18.356,3,1.344,8,20
CT-9800.15,-118.2932024,33.77652905,-2.287,-18.773,46,7.172,8,20
CT-9800.19,-118.5481938,34.09130479,-16.87,2.978,5,2.522,8,20
CT-9800.2,-118.3034171,34.22669179,-2.859,12.333,0,0.000,8,20
CT-9800.21,-118.3774988,34.26661363,-7.088,15.091,1,0.316,8,20
CT-9800.22,-118.4851872,34.29870371,-13.232,17.308,0,0.000,8,20
CT-9800.23,-118.630007,34.23225222,-21.516,12.717,0,0.000,8,20
CT-9800.24,-118.4886327,34.17668248,-13.448,8.877,13,2.842,8,20
CT-9800.26,-118.2792176,34.27518828,-1.475,15.684,0,0.000,8,20
CT-9800.28,-118.4135549,33.93983517,-9.182,-7.489,0,0.000,8,20
CT-9800.31,-118.2628391,33.73560473,-0.543,-21.6,97,30.846,8,20
