0.0,29.66,28.78,28.67,8.19,25.29,13.26,12.01,18.13,10.7,25.12,13.38,8.48,5.23,23.3,6.13,3.01,22.92,18.95,17.66,3.89,6.17,28.37,3.76,8.24,2.59,2.08,14.71,4.58,24.17,20.87,11.97,3.95,9.01,17.71,18.43,8.26,20.74,30.2,11.9,20.9,2.04,21.46,29.66,8.92,3.93,30.92,30.78,22.5,27.9,21.41,29.49,28.56,5.88,20.86,11.25,10.64,2.82,7.09,4.49,22.52,2.48,27.76,6.54,18.49,10.34,33.15,29.84,15.74,21.59,33.06,30.1,3.96,4.54,23.38,6.42,10.11,11.53,23.31,22.9,18.88,9.67,9.55,11.33,5.17,20.25,11.05,31.6,6.96,6.66,18.15,29.28,20.01,22.17,3.53,9.54,15.57,5.74,5.44,20.49,3.5,26.62,8.48,20.46,9.94,23.06,26.99,24.73,27.74,23.46
30.12,0.0,2.65,2.2,34.1,10.07,35.33,20.6,14.93,32.94,3.95,35.67,35.91,22.09,5.77,20.24,29.8,6.19,11.7,24.05,28.08,32.07,3.67,31.27,26.22,31.18,29.73,35.99,22.78,10.07,9.05,25.91,28.57,25.34,15.58,24.82,24.91,40.92,8.34,20.18,7.17,29.71,7.99,1.0,34.82,31.92,4.01,11.26,11.81,2.2,7.23,4.67,13.02,26.78,7.73,34.21,22.21,30.86,26.22,32.47,43.21,29.64,11.45,19.76,15.78,36.24,8.52,10.33,22.13,27.55,8.42,6.11,25.8,21.59,9.28,29.0,32.66,32.73,5.17,7.62,20.52,32.9,27.01,35.07,31.3,16.52,32.03,3.81,32.86,32.56,36.05,9.77,8.61,16.54,22.63,35.44,22.4,33.01,26.91,8.91,23.16,7.17,34.38,18.82,35.84,5.06,12.9,44.91,1.76,6.48
29.65,1.95,0.0,0.45,35.04,7.69,36.27,21.54,15.87,33.88,5.77,36.6,36.85,23.46,7.9,21.62,29.34,7.13,12.64,24.99,27.62,33.01,5.49,30.81,25.76,31.39,26.85,36.93,24.15,8.39,9.94,25.47,25.23,26.27,13.9,25.75,25.85,41.86,9.76,21.12,7.0,29.25,8.26,1.89,35.76,32.73,4.85,13.08,10.13,4.02,8.17,5.49,11.31,27.72,9.06,35.15,23.15,30.4,25.77,33.28,44.15,27.11,9.73,21.14,14.1,37.18,7.14,12.15,23.07,28.49,7.05,6.93,25.34,22.96,7.6,28.54,33.6,33.67,5.6,8.56,21.46,33.84,27.95,36.01,30.84,14.84,32.97,3.37,33.8,33.5,36.99,11.58,9.55,14.86,26.24,36.38,23.34,32.55,27.85,9.85,26.21,8.99,35.32,17.14,36.78,6.0,11.21,45.85,3.58,7.42
29.54,2.37,0.45,0.0,34.59,7.51,35.83,21.1,15.43,33.44,5.32,36.16,36.4,23.35,7.45,21.5,29.23,6.69,12.19,24.54,27.5,32.56,5.04,30.69,25.65,31.27,26.73,36.49,24.04,8.28,9.83,25.36,29.07,25.83,13.79,25.31,25.4,41.41,9.71,20.68,6.56,29.13,6.5,2.87,35.32,32.61,4.87,12.64,10.01,3.57,7.73,6.04,11.19,27.27,6.23,34.7,22.7,30.29,25.66,33.17,43.71,27.0,9.62,21.02,13.98,36.74,7.42,11.7,22.63,28.05,7.33,7.48,25.23,22.85,7.48,28.43,33.16,33.23,5.16,8.12,21.01,33.4,27.51,35.57,30.72,14.72,32.53,3.0,33.36,33.06,36.55,11.14,9.1,14.74,26.13,35.94,22.89,32.43,27.4,9.41,26.09,8.54,34.88,17.02,36.34,5.55,11.1,45.4,3.13,6.97
9.02,33.7,34.47,34.03,0.0,31.38,6.76,14.15,19.98,4.28,29.2,6.97,6.38,10.76,27.37,11.96,11.81,30.25,27.96,10.14,13.23,2.46,32.44,10.83,13.48,8.8,7.25,8.29,8.43,30.26,26.96,17.21,7.47,7.49,19.9,8.7,10.4,14.33,34.28,14.04,26.99,10.88,27.55,33.71,2.13,4.57,35.0,34.85,28.59,32.03,24.16,33.57,38.57,8.02,26.95,4.83,12.78,10.25,13.55,4.04,16.1,7.18,37.0,12.45,24.58,5.52,41.18,33.92,10.95,23.73,41.09,34.18,9.79,10.45,29.47,12.89,3.69,5.11,30.7,26.94,21.02,2.0,3.91,4.91,15.6,25.49,3.39,39.64,1.39,2.1,11.73,33.36,22.2,27.41,9.04,2.42,12.11,12.57,7.58,28.83,8.65,30.7,1.66,25.7,3.06,30.59,33.08,18.31,31.87,27.51
25.86,9.47,8.64,7.51,34.35,0.0,37.33,22.6,14.82,34.94,11.83,37.66,33.0,19.66,12.66,17.82,25.54,7.66,13.69,26.05,23.82,32.32,11.95,27.01,21.96,27.59,23.05,37.99,20.35,3.04,4.52,21.67,21.43,27.33,10.1,26.81,26.9,42.91,20.77,22.18,5.82,25.45,3.98,10.28,35.08,28.93,13.48,21.35,4.22,10.48,8.4,14.12,2.88,28.77,5.26,36.2,24.21,26.61,21.98,29.49,45.21,23.32,1.77,17.34,10.3,36.5,13.01,20.42,24.13,29.55,12.92,16.26,21.54,19.16,2.21,24.74,34.66,34.73,6.16,9.62,22.51,34.9,29.01,37.07,27.04,11.04,34.03,11.46,33.12,32.81,38.05,19.85,10.41,8.96,22.44,35.69,24.39,28.75,28.91,10.91,22.41,17.19,32.21,11.24,36.09,6.94,1.59,46.9,9.52,8.48
12.8,35.32,36.08,35.64,6.44,37.23,0.0,18.1,32.81,4.11,30.81,5.78,1.44,15.55,28.98,16.75,14.32,31.86,29.57,14.41,18.02,7.92,34.05,13.99,18.27,6.96,12.05,7.1,13.22,37.2,31.75,22.01,12.26,13.56,24.69,12.98,15.2,13.14,35.89,17.68,34.31,14.99,32.34,35.32,3.62,5.64,36.61,36.47,38.94,33.64,33.36,35.18,40.18,12.82,31.74,1.43,17.57,13.41,18.35,5.69,14.91,11.97,38.61,17.24,29.37,10.31,42.79,35.53,15.23,25.32,42.7,35.79,14.58,15.24,36.41,17.68,4.0,3.9,32.31,28.55,22.61,4.24,9.9,1.18,15.99,30.28,3.47,41.25,6.93,6.89,10.54,34.97,31.25,32.21,13.83,3.32,16.39,13.61,12.38,30.44,13.44,32.31,4.16,30.5,2.72,32.2,40.02,17.12,33.48,29.12
11.93,21.08,21.84,21.4,14.63,23.0,17.39,0.0,11.6,17.13,16.57,19.82,19.23,9.11,14.75,10.7,14.72,17.62,15.34,6.11,16.14,12.6,19.82,13.74,16.47,11.71,10.26,18.06,10.06,22.96,24.51,20.21,9.1,5.87,20.14,6.88,5.44,22.98,21.65,0.91,20.07,13.79,20.79,21.08,15.36,12.45,22.37,22.23,24.7,19.4,19.12,20.94,25.94,7.31,20.63,16.27,2.15,13.16,16.56,13.0,25.27,10.17,24.37,10.61,23.29,16.77,28.56,21.29,4.19,11.1,28.46,21.55,12.79,10.16,22.17,15.9,16.55,14.79,18.07,14.32,8.39,16.1,9.05,17.76,18.51,28.48,14.1,27.01,13.4,13.09,18.11,20.73,17.01,29.43,10.94,15.97,3.8,15.49,7.44,16.2,10.55,18.07,14.91,31.71,16.37,17.96,25.78,26.97,19.24,14.88
18.89,15.13,15.89,15.45,27.38,14.67,32.37,17.64,0.0,29.88,10.59,32.57,26.03,10.49,8.77,8.64,18.57,11.04,3.16,21.08,16.85,25.35,13.84,20.04,14.99,20.62,16.08,33.03,11.18,13.55,10.77,14.68,12.26,10.52,5.27,21.85,8.48,37.95,15.67,17.22,10.0,18.48,10.84,15.13,28.11,21.96,16.39,16.25,11.88,13.37,9.53,14.96,17.94,13.8,10.24,30.43,10.99,19.64,14.99,22.52,40.24,12.86,17.14,8.17,8.42,29.53,22.61,15.31,19.17,24.59,22.51,15.57,14.57,9.99,12.76,17.77,29.3,29.77,12.12,8.37,17.55,28.85,24.05,26.38,20.07,14.5,29.07,21.06,26.15,25.84,33.09,14.75,6.55,15.09,11.03,28.72,19.43,21.78,13.81,6.74,11.56,12.09,25.24,22.3,29.12,12.01,16.37,41.94,13.21,8.93
10.71,33.21,33.97,33.53,4.35,35.13,2.8,16.85,30.7,0.0,28.7,3.96,4.01,13.46,26.88,14.66,14.51,29.75,27.47,12.31,15.93,5.83,31.95,13.53,16.18,9.85,9.95,5.29,11.13,35.09,29.66,19.91,10.17,11.46,22.6,10.87,13.1,11.32,33.78,16.74,32.2,13.58,30.25,33.21,3.38,7.43,34.5,34.36,31.29,31.53,31.25,33.07,38.07,10.72,29.65,1.68,15.48,12.95,16.26,6.9,13.1,9.88,36.5,15.15,27.28,8.22,40.69,33.42,13.12,23.21,40.59,33.68,12.49,13.15,34.3,15.59,1.12,1.18,30.2,26.45,20.5,2.0,7.8,2.54,18.3,28.19,1.14,39.14,4.84,4.8,8.72,32.86,29.14,30.12,11.74,2.02,14.29,15.27,10.28,28.33,11.35,30.2,3.77,28.4,2.15,30.09,37.91,15.31,31.37,27.01
25.76,4.12,5.77,5.32,30.17,11.76,31.4,16.67,10.57,29.01,0.0,31.73,31.98,17.73,1.88,15.88,25.44,6.38,7.34,20.12,23.72,28.14,2.96,26.91,21.86,27.49,22.95,32.06,18.42,11.72,10.3,21.56,19.5,21.41,12.14,20.88,20.98,36.99,6.08,16.25,8.43,25.35,9.12,4.12,30.89,28.83,5.42,8.33,13.46,2.55,7.21,5.02,14.7,22.85,8.98,30.28,18.28,26.51,21.86,29.39,39.28,23.22,13.13,15.4,15.29,32.31,11.63,7.4,18.2,23.62,11.54,5.28,21.44,17.23,10.93,24.64,28.73,28.8,6.42,3.54,16.59,28.97,23.08,31.14,26.94,18.17,28.1,6.91,28.93,28.63,32.12,6.84,6.09,18.19,18.27,31.51,18.47,28.65,22.98,5.28,18.8,4.22,30.45,20.47,31.91,6.31,14.54,40.98,2.4,2.99
13.05,35.35,36.12,35.67,6.7,37.27,6.07,19.19,25.03,3.31,30.84,0.0,6.65,15.81,29.02,17.0,16.85,31.9,29.61,14.45,18.27,8.18,34.09,15.87,18.53,12.2,12.3,1.93,13.48,37.23,32.0,22.26,12.52,13.81,24.95,13.02,15.45,8.44,35.92,19.09,32.03,15.92,32.59,35.35,6.16,9.77,36.64,36.5,33.64,33.68,33.39,35.21,40.22,13.07,32.0,4.95,17.82,15.29,18.6,9.24,10.21,12.23,38.65,17.49,29.62,10.56,42.83,35.57,15.26,25.35,42.74,35.83,14.84,15.5,36.44,17.94,3.47,2.13,32.34,28.59,22.64,4.38,10.15,5.5,20.65,30.53,3.06,41.28,7.18,7.14,5.84,35.01,31.29,32.46,14.09,4.72,16.43,17.62,12.63,30.48,13.7,32.34,7.1,30.75,5.12,32.24,40.06,12.42,33.52,29.16
8.71,36.06,36.82,36.38,7.19,37.97,0.85,18.84,33.55,4.25,31.55,6.52,0.0,16.29,29.73,17.49,12.8,32.6,30.31,15.15,12.21,8.66,34.79,9.81,16.55,6.32,12.79,7.84,13.96,37.94,29.19,20.29,13.0,14.3,26.03,13.72,15.94,13.88,36.63,18.42,35.05,9.86,29.78,36.06,3.84,5.83,37.35,37.21,30.82,34.38,34.1,35.92,40.92,13.56,29.18,2.39,18.31,8.23,15.4,5.89,15.65,12.71,39.35,17.98,26.81,11.05,43.53,36.27,15.97,26.06,43.44,36.53,15.32,15.98,37.15,14.74,3.79,4.64,33.05,29.29,23.35,4.09,10.64,1.53,14.47,28.56,4.21,41.99,7.67,7.63,11.28,35.71,31.99,30.49,14.58,3.67,17.13,12.09,13.12,31.18,14.18,33.05,4.35,28.78,3.07,32.94,40.76,17.87,34.22,29.86
5.69,21.59,22.54,22.43,10.45,19.05,15.43,9.23,9.73,12.95,17.05,15.57,15.05,0.0,15.23,2.39,11.37,15.42,10.89,14.88,8.13,8.42,20.3,10.39,7.49,8.37,4.09,16.89,1.88,17.93,15.15,11.22,2.96,6.6,9.65,15.65,4.09,22.93,22.13,9.13,14.37,7.01,15.22,21.59,11.17,9.1,22.85,22.71,16.26,19.83,13.91,21.42,22.31,4.5,14.62,13.5,7.86,9.81,8.24,9.66,24.7,4.08,21.52,2.08,12.8,12.53,26.91,21.78,12.97,18.81,26.82,22.04,3.58,0.88,17.13,8.89,12.36,13.78,16.78,14.83,16.1,11.92,7.88,13.58,9.65,19.5,13.3,25.36,9.21,8.91,20.33,21.22,11.95,21.42,1.98,11.79,12.79,12.14,4.51,12.43,2.28,18.55,10.73,19.71,12.19,16.54,20.75,26.92,19.67,15.4
23.94,5.94,7.89,7.45,27.94,13.19,29.17,14.44,8.76,26.78,1.88,29.51,29.75,15.91,0.0,14.07,23.63,7.82,5.53,17.89,21.91,25.91,4.65,25.1,20.05,25.68,21.14,29.83,16.61,13.16,15.83,19.74,17.69,19.18,10.33,18.66,18.75,34.76,7.31,14.02,10.27,23.54,15.9,5.94,28.66,27.02,8.03,7.88,14.89,4.37,9.32,6.6,16.14,20.62,15.3,28.05,16.05,24.69,20.05,27.57,37.05,21.4,14.57,13.59,13.48,30.08,18.75,6.95,15.97,21.39,18.66,7.21,19.63,15.42,12.37,22.83,26.5,26.57,8.27,4.51,14.36,26.74,20.85,28.91,25.13,19.6,25.87,9.11,26.7,26.4,29.89,6.39,7.96,19.62,16.46,29.28,16.24,26.84,20.75,6.4,16.99,3.73,28.22,21.9,29.68,8.16,15.98,38.75,4.21,5.08
6.69,20.45,21.39,21.28,11.65,17.9,16.63,10.82,8.59,14.15,15.91,16.77,16.25,2.39,14.08,0.0,10.91,14.27,9.74,16.47,9.19,9.62,19.15,12.38,7.33,9.57,5.34,18.09,3.08,16.78,14.0,11.57,4.16,8.18,8.5,17.24,5.67,24.13,20.99,10.71,13.23,10.82,14.07,20.45,12.37,10.3,21.71,21.56,15.11,18.69,12.76,20.28,21.17,5.7,13.47,14.7,9.44,11.97,8.08,10.86,25.9,5.27,20.37,1.05,14.2,13.72,25.76,20.63,14.55,20.4,25.67,20.89,4.5,1.89,15.99,10.11,13.56,14.98,15.64,13.68,17.69,13.12,10.34,14.78,12.41,15.61,14.5,24.21,10.41,10.11,21.53,20.07,10.81,21.27,3.15,12.99,14.38,14.12,5.71,11.29,3.68,17.41,11.93,19.56,13.39,15.39,19.6,28.11,18.53,14.25
2.88,29.97,29.09,28.98,11.9,25.6,15.3,15.1,18.44,14.4,25.43,17.09,10.55,8.24,23.61,9.14,0.0,23.23,19.26,20.75,4.08,9.87,28.68,1.1,8.55,5.14,5.48,18.41,7.6,24.48,21.18,12.28,8.63,12.1,18.02,21.52,11.36,24.45,30.51,15.0,21.21,0.91,21.77,29.97,12.63,6.48,31.23,31.09,22.81,28.21,21.72,29.8,28.87,8.98,21.17,14.95,13.73,2.58,7.4,7.03,21.69,5.88,28.07,9.55,18.8,14.04,33.46,30.15,18.84,24.68,33.37,30.41,6.98,7.55,23.69,6.73,13.82,15.24,23.62,23.21,21.97,13.37,13.26,10.9,4.63,20.56,14.75,31.91,10.67,10.36,21.85,29.59,20.32,22.48,6.55,13.24,18.66,3.1,8.54,20.8,6.51,26.93,9.76,20.77,13.64,23.37,27.3,28.44,28.05,23.77
23.94,5.81,6.58,6.14,30.69,7.75,31.93,17.2,9.95,29.54,6.43,32.26,32.5,16.36,7.26,14.52,23.63,0.0,8.29,20.64,21.91,28.66,6.54,25.1,20.05,25.68,21.14,32.59,17.06,6.01,4.24,19.76,18.13,21.93,6.8,21.41,21.5,37.51,15.37,16.78,2.69,23.54,3.77,5.81,31.42,27.02,7.93,15.95,5.66,5.07,1.62,7.54,10.7,23.37,3.25,30.8,18.8,24.69,20.06,27.57,39.8,21.4,9.12,14.04,6.22,32.84,13.31,15.01,18.73,24.15,13.21,8.98,19.63,15.86,6.92,22.83,29.26,29.33,1.93,4.12,17.11,29.5,23.61,31.67,25.13,9.12,28.63,11.76,29.46,29.16,32.65,14.45,3.31,9.63,16.91,32.04,18.99,26.84,23.5,3.05,17.43,11.79,30.98,16.46,32.44,1.42,10.53,41.5,4.11,3.07
19.71,11.88,12.65,12.2,28.2,13.8,29.12,14.39,3.16,26.73,7.34,29.45,29.69,11.68,5.52,9.83,19.39,8.42,0.0,17.83,17.67,26.17,10.59,20.86,15.81,21.44,16.9,29.78,12.37,13.76,11.59,15.5,13.45,19.12,6.09,18.6,18.69,34.7,12.42,13.97,10.82,19.3,11.66,11.88,28.93,22.78,13.14,13.0,12.7,10.12,7.47,11.71,16.75,20.56,11.06,27.99,16.0,20.45,15.81,23.34,37.0,17.17,15.17,9.35,9.24,30.35,19.36,12.07,15.92,21.34,19.27,12.32,15.39,11.18,12.97,18.59,26.45,26.52,8.87,4.62,14.3,26.69,20.8,28.86,20.89,15.32,25.82,17.81,26.97,26.66,29.84,11.5,3.72,20.23,12.22,29.54,16.18,22.6,20.69,3.49,12.75,8.84,26.06,22.51,29.94,8.76,16.59,38.69,9.96,5.68
17.86,24.27,25.04,24.59,15.27,26.19,14.78,7.06,21.76,12.39,19.76,15.11,15.35,15.04,17.94,16.62,20.64,20.82,18.53,0.0,22.06,10.87,23.01,19.66,22.4,17.64,16.18,15.44,15.99,26.15,27.71,32.75,15.03,6.95,23.33,3.34,11.36,20.36,24.84,6.64,23.27,19.71,23.98,24.27,14.73,18.37,25.56,25.42,27.89,22.6,22.31,24.13,29.14,13.23,23.82,13.65,8.66,19.08,22.48,17.81,22.66,16.1,27.57,16.54,26.48,19.14,31.75,24.49,3.03,14.27,31.66,24.75,18.71,16.09,25.36,21.82,12.11,12.18,21.26,17.51,11.56,12.35,6.46,14.52,24.44,32.6,11.48,30.2,15.75,15.71,15.5,23.93,20.21,32.62,16.86,13.35,3.47,21.41,13.36,19.4,16.47,21.26,15.67,34.9,13.75,21.16,28.98,24.35,22.44,18.08
3.46,29.09,28.21,28.1,13.43,24.72,19.13,16.63,17.57,15.93,24.55,18.61,12.08,7.93,22.73,9.49,3.91,22.35,18.38,22.28,0.0,11.4,27.8,6.09,7.67,6.67,5.14,19.94,7.28,23.6,20.3,6.55,10.16,13.63,17.14,23.05,12.88,25.97,29.63,16.52,20.33,3.17,20.89,29.09,14.15,8.01,30.35,30.21,21.93,27.33,20.84,28.92,27.99,10.5,20.29,16.48,15.26,5.68,4.87,8.56,25.52,5.54,27.19,10.02,17.92,15.57,32.58,29.28,20.36,26.21,32.49,29.53,6.67,7.24,22.81,4.21,15.34,16.76,22.74,22.33,23.5,14.9,14.78,12.43,4.0,19.68,16.28,31.03,12.19,11.89,23.37,28.71,19.45,21.6,6.23,14.77,20.19,7.83,10.06,19.93,6.2,26.05,11.28,19.89,15.17,22.49,26.42,29.96,27.17,22.89
6.85,31.54,32.3,31.86,2.46,29.21,8.3,11.98,17.82,5.82,27.03,8.51,7.92,8.59,25.2,9.79,9.64,28.08,25.79,10.34,11.06,0.0,30.27,8.66,11.31,4.7,5.08,9.83,6.26,28.09,24.79,15.04,5.3,5.53,17.73,8.91,6.6,15.87,32.11,11.87,24.82,8.71,25.38,31.54,4.04,2.93,32.83,32.69,26.42,29.86,21.99,31.4,36.4,3.4,24.78,6.37,10.61,8.08,11.39,2.4,17.64,5.01,34.83,10.28,22.41,5.46,39.01,31.75,11.15,21.56,38.92,32.01,7.62,8.28,27.3,10.72,5.23,6.65,28.53,24.77,18.85,4.79,3.5,6.45,13.43,23.32,6.17,37.47,2.08,1.86,13.27,31.19,20.04,25.25,6.87,4.66,15.54,10.4,3.68,26.66,6.48,28.53,3.6,23.53,5.06,28.42,30.91,19.85,29.7,25.34
28.91,3.34,5.49,5.04,32.91,11.91,34.14,19.41,13.73,31.75,2.96,34.47,34.72,20.88,5.3,19.04,28.6,6.54,10.49,22.86,26.88,30.88,0.0,30.07,25.02,30.65,26.11,34.8,21.58,11.87,10.88,24.71,22.65,24.14,15.3,23.62,23.72,39.73,4.89,18.99,9.01,28.51,9.71,2.84,33.63,31.99,2.66,7.61,13.61,1.47,8.04,1.6,14.86,25.59,9.56,33.02,21.02,29.66,25.02,32.54,42.02,26.37,13.29,18.56,18.45,35.05,9.35,6.68,20.94,26.36,9.26,2.7,24.6,20.38,11.08,27.8,31.47,31.54,7.0,7.55,19.33,31.71,25.82,33.88,30.1,18.32,30.84,4.15,31.67,31.37,34.86,6.11,12.93,18.34,21.43,34.25,21.21,31.81,25.72,8.91,21.95,5.5,33.19,20.62,34.65,6.9,14.7,43.72,2.45,6.62
3.7,30.67,29.8,29.68,10.57,26.3,14.7,13.77,19.15,13.07,26.13,15.76,9.22,10.39,24.31,11.58,1.1,23.93,19.97,19.42,4.91,8.54,29.38,0.0,9.25,3.81,5.34,17.08,8.26,25.18,21.89,12.99,7.3,10.77,18.73,20.19,10.03,23.12,31.22,13.67,21.91,1.69,22.48,30.68,11.3,5.15,31.94,31.79,23.52,28.91,22.42,30.51,29.57,7.65,21.88,13.62,12.4,1.96,8.1,5.71,21.1,6.97,28.78,9.94,19.51,12.72,34.17,30.86,17.51,23.35,34.07,31.12,7.37,10.08,24.39,7.44,12.49,13.91,24.32,23.91,20.64,12.04,11.93,9.57,5.03,21.26,13.42,32.62,9.34,9.03,20.52,30.3,21.03,23.19,6.93,11.91,17.33,2.51,7.21,21.51,6.9,27.64,8.43,21.48,12.31,24.08,28.01,27.11,28.75,24.48
8.89,25.67,24.8,24.69,17.38,21.31,23.08,20.59,14.15,19.89,21.13,22.57,16.03,7.66,19.31,6.25,8.58,18.93,14.97,26.24,6.85,15.35,24.38,10.04,0.0,10.62,6.08,23.9,6.96,21.55,16.89,5.01,7.37,17.59,13.73,27.0,10.86,29.93,26.22,20.48,16.92,8.48,17.48,25.68,18.11,11.96,26.94,26.79,19.44,23.91,17.42,25.51,23.15,14.46,16.88,20.43,19.21,9.64,1.91,12.52,29.48,6.34,23.41,6.97,14.51,19.53,29.17,25.86,24.32,30.16,29.07,26.12,4.57,7.45,19.39,3.2,19.3,20.72,19.33,18.91,27.45,18.85,18.74,16.39,10.07,13.28,20.23,27.62,16.15,15.85,27.33,25.3,16.03,15.21,5.9,18.73,24.14,11.78,14.02,16.51,5.87,22.64,15.24,13.5,19.13,19.08,21.58,33.92,23.75,19.48
2.74,31.09,31.13,31.41,7.13,27.64,6.88,11.53,20.48,9.64,26.58,12.32,6.05,8.14,24.76,9.34,4.82,27.63,21.3,17.18,6.24,4.64,29.83,3.84,10.59,0.0,4.3,13.65,6.02,26.52,23.22,14.32,5.06,8.53,20.06,17.95,7.79,19.68,31.66,11.42,23.25,3.89,23.81,31.09,5.12,1.65,32.38,32.24,24.85,29.41,23.76,30.95,30.91,5.41,23.21,10.19,10.16,2.83,9.44,2.38,21.46,4.73,30.11,9.83,20.84,9.28,35.5,31.3,15.27,21.11,35.41,31.56,6.82,7.83,25.73,8.77,9.05,10.47,28.08,24.33,18.4,8.61,7.62,5.92,8.61,22.6,9.99,33.95,5.9,4.17,17.09,30.74,22.36,24.52,6.39,8.48,15.09,5.59,4.97,26.21,6.51,28.08,4.78,22.81,6.18,27.97,29.34,23.67,29.25,24.89
2.0,27.93,27.06,26.94,7.78,23.57,12.76,10.98,16.41,10.29,23.39,12.97,12.39,4.1,21.57,5.0,4.89,21.19,17.23,16.63,5.01,5.76,26.64,5.92,6.55,4.03,0.0,14.3,2.02,22.44,19.15,10.28,2.13,7.98,15.99,17.4,5.69,20.33,28.48,10.88,19.17,3.97,19.74,27.94,8.51,5.15,29.2,29.05,20.78,26.17,19.68,27.77,28.42,4.86,19.14,10.84,9.61,4.58,7.3,5.6,22.11,0.49,26.04,5.41,16.77,9.93,31.43,28.12,14.72,20.56,31.33,28.38,2.86,3.41,21.65,6.11,9.7,11.12,21.58,21.17,17.85,9.26,9.14,10.92,6.78,18.56,10.63,29.88,6.55,6.25,17.73,27.56,18.29,20.48,2.16,9.13,14.54,7.28,4.01,18.77,2.13,24.9,8.07,18.77,9.53,21.34,26.85,24.32,26.02,21.74
14.15,36.44,37.21,36.77,7.79,38.36,7.17,20.29,26.12,4.97,31.94,7.66,7.74,16.9,30.11,18.1,17.95,32.99,30.7,15.54,19.37,9.27,35.18,16.96,19.62,13.29,13.39,0.0,14.57,38.33,33.1,23.35,13.61,14.9,26.04,14.11,16.54,15.02,37.02,20.18,33.13,17.02,33.69,36.45,7.25,10.86,37.74,37.59,34.73,34.77,34.49,36.31,41.31,14.16,33.09,6.04,18.91,16.39,19.69,10.34,16.79,13.32,39.74,18.59,30.72,11.66,43.92,36.66,16.36,26.45,43.83,36.92,15.93,16.59,37.54,19.03,4.56,5.5,33.44,29.68,23.74,5.47,11.24,6.59,21.74,31.63,5.06,42.38,8.28,8.24,12.42,36.1,32.38,33.55,15.18,5.81,17.52,18.71,13.72,31.57,14.79,33.44,8.2,31.84,6.21,33.33,41.15,19.01,34.61,30.25
3.98,22.97,23.91,23.8,8.67,20.42,13.66,10.21,11.11,11.18,18.43,13.79,13.28,1.88,16.6,3.08,9.51,16.79,12.26,15.86,7.48,6.65,21.67,8.53,6.93,6.5,2.02,15.12,0.0,19.3,16.52,10.67,1.19,7.21,11.02,16.63,4.39,21.16,23.51,10.1,15.75,8.58,16.59,22.97,9.4,7.24,24.23,24.08,17.63,21.21,15.28,22.8,23.69,4.08,15.99,11.73,8.84,7.95,7.68,7.79,22.93,1.53,22.89,3.57,14.17,10.75,28.28,23.15,13.94,19.79,28.19,23.41,2.85,1.57,18.51,8.24,10.59,12.01,18.16,16.2,17.08,10.15,8.42,11.81,9.0,18.94,11.53,26.73,7.44,7.14,18.56,22.59,13.33,20.87,1.06,10.02,13.77,10.27,3.34,13.81,1.2,19.93,8.96,19.16,10.42,17.91,22.12,25.14,21.05,16.77
23.17,8.1,7.28,6.15,31.66,3.24,37.36,21.43,12.14,34.17,10.67,36.85,30.32,16.98,11.5,15.13,22.86,5.83,12.96,24.88,21.13,29.64,12.96,24.32,19.28,24.91,20.36,38.18,17.67,0.0,3.46,18.99,18.75,26.17,7.42,25.65,19.05,41.75,19.61,21.01,3.14,22.77,2.97,10.17,32.39,26.24,12.11,20.18,4.0,9.31,5.72,12.75,7.29,20.28,2.58,34.72,23.04,23.92,19.29,26.8,43.76,20.63,5.71,14.66,7.62,33.81,11.64,19.25,22.96,28.38,11.55,14.9,18.86,16.48,2.53,22.06,33.58,35.0,4.8,8.45,21.35,33.14,27.84,30.67,24.36,8.35,32.86,10.1,30.43,30.13,36.88,18.69,7.72,9.78,19.76,33.01,23.23,26.06,20.3,8.05,19.73,16.03,29.52,12.06,33.41,5.35,6.14,45.74,8.35,7.31
21.44,11.55,9.56,9.45,29.94,4.52,35.64,23.79,10.74,32.44,13.02,35.12,28.59,15.58,15.9,13.73,21.13,4.24,11.55,27.23,19.41,27.91,10.88,22.6,17.55,23.18,18.64,36.45,16.27,2.78,0.0,17.26,17.35,30.14,6.02,28.0,17.65,42.48,22.8,23.37,1.88,21.04,1.69,9.21,30.66,24.52,14.4,23.38,1.57,9.41,3.09,15.04,7.27,27.02,2.09,32.99,25.39,22.19,17.56,25.07,42.03,18.9,6.22,13.25,5.89,32.08,13.93,22.44,25.31,30.73,13.84,17.19,17.13,15.08,2.36,20.33,31.85,33.27,4.29,6.99,23.7,31.41,30.2,28.94,22.63,5.86,32.79,12.39,28.7,28.4,39.89,21.88,4.68,6.32,18.03,31.28,25.58,24.34,26.58,5.42,18.0,19.22,27.8,8.71,31.68,4.04,5.7,46.47,8.45,6.8
13.97,27.65,26.78,26.66,22.46,23.28,28.16,25.67,16.13,24.97,23.11,27.65,21.11,12.74,21.29,11.33,13.66,20.91,16.95,33.61,8.11,20.43,26.36,15.12,6.19,15.7,11.16,28.98,12.04,22.72,18.86,0.0,12.45,22.67,15.7,34.37,15.94,35.01,28.19,25.56,18.89,13.56,19.45,27.65,23.19,17.04,28.91,28.77,20.61,25.89,19.4,27.48,24.31,19.54,18.86,25.52,24.29,14.72,6.78,17.6,34.56,11.42,24.58,13.55,16.48,24.61,31.14,27.84,31.69,35.24,31.05,28.09,9.65,12.53,21.37,5.1,24.38,25.8,21.3,20.89,32.53,23.93,23.82,21.47,8.1,14.45,25.31,29.6,21.23,20.93,32.41,27.27,18.01,16.38,10.99,23.81,29.23,16.86,19.1,18.49,10.95,24.61,20.32,14.67,24.21,21.06,22.75,39.0,25.73,21.46
4.82,28.81,24.99,24.88,7.49,21.5,12.47,9.25,12.18,9.99,19.5,12.68,12.09,2.96,17.68,4.16,8.55,17.87,13.34,14.9,9.97,5.46,22.75,7.57,7.35,5.54,2.13,14.01,1.19,20.38,19.95,11.08,0.0,6.25,12.1,15.67,4.1,20.04,24.59,9.14,16.83,7.62,17.67,28.81,8.22,6.28,25.31,25.16,18.71,22.28,16.36,23.88,24.77,3.12,17.07,10.54,7.88,6.99,8.1,6.83,21.81,1.72,23.97,4.65,17.57,9.64,29.36,24.23,12.98,18.83,29.27,24.49,3.33,2.65,19.59,8.02,9.41,10.83,19.24,22.04,16.12,8.96,7.62,10.63,12.34,19.36,10.34,27.81,6.26,5.96,17.44,23.67,14.41,21.28,2.07,8.83,12.81,9.31,2.69,14.89,1.67,21.01,7.77,19.57,9.24,18.99,23.2,24.03,22.12,22.61
9.22,25.19,25.96,25.51,7.98,27.11,13.92,5.63,10.5,11.44,20.68,14.12,13.54,6.6,18.86,8.18,12.0,21.73,19.45,6.81,13.42,5.53,23.93,11.02,13.76,9.0,7.54,15.45,7.34,27.07,21.17,17.49,6.39,0.0,15.67,6.16,3.45,20.56,25.76,5.53,24.19,11.07,21.24,25.19,9.66,9.73,26.48,26.34,28.81,23.51,23.23,25.05,30.05,3.75,24.74,11.99,4.26,10.44,13.84,7.92,22.86,7.46,28.48,8.1,18.82,11.08,32.67,25.4,5.62,15.21,32.57,25.66,10.07,7.3,26.28,13.18,10.85,12.27,22.18,18.43,12.5,9.14,3.62,12.07,15.8,25.77,11.79,31.12,7.7,7.37,15.7,24.84,21.12,33.54,8.22,10.28,5.89,12.77,4.03,20.31,7.83,22.18,9.22,25.98,10.68,22.07,29.89,24.55,23.35,18.99
18.2,15.63,13.64,13.53,26.69,10.15,32.39,19.37,5.34,29.19,12.32,31.88,25.34,10.18,10.5,8.33,17.89,6.52,6.16,22.82,16.16,24.66,15.57,19.35,14.31,19.93,15.39,33.21,10.87,9.03,6.25,14.0,11.95,16.6,0.0,23.58,12.25,39.24,17.4,18.95,5.48,17.79,6.32,16.54,27.42,21.27,18.48,17.98,7.36,15.1,5.01,16.69,13.42,13.49,5.72,29.74,20.98,18.95,14.3,21.83,38.79,12.54,12.62,7.86,2.6,28.84,18.01,17.05,20.9,26.32,17.92,17.3,13.88,9.68,8.24,17.08,28.61,30.03,7.89,5.04,19.28,28.16,18.13,25.69,19.38,9.98,29.54,16.46,25.46,25.16,34.82,16.49,3.29,10.57,10.72,28.04,21.17,21.09,13.5,3.77,11.25,13.82,24.55,17.78,28.44,7.64,11.85,43.23,14.94,7.12
18.13,24.55,25.31,24.87,13.49,26.47,13.0,7.33,22.04,10.61,20.04,13.33,13.58,15.31,18.22,16.9,20.92,21.09,18.81,3.63,22.34,9.09,23.29,19.94,22.67,17.91,16.46,13.66,16.26,26.43,27.98,33.02,15.3,6.09,23.61,0.0,11.64,18.59,25.12,6.91,23.54,19.99,24.26,24.55,12.95,18.65,25.84,25.7,28.17,22.87,22.59,24.41,29.41,13.51,24.1,11.88,8.94,19.36,22.76,16.04,20.88,16.37,27.84,16.81,26.76,17.36,32.03,24.76,4.46,14.55,31.93,25.02,18.98,16.36,25.64,22.1,10.33,10.4,21.54,17.79,11.84,10.57,4.98,12.74,24.71,32.88,9.7,30.48,13.98,13.94,13.72,24.2,20.48,32.9,17.14,11.58,5.63,21.68,13.64,19.67,16.75,21.54,13.9,35.18,11.98,21.43,29.25,22.58,22.71,18.35
8.67,25.19,25.96,25.51,11.36,27.11,16.34,5.64,8.42,13.87,20.68,16.55,15.97,4.09,18.86,5.67,11.45,21.74,19.45,11.29,12.87,6.6,23.93,10.47,10.84,8.45,6.99,17.88,4.39,27.07,18.66,14.57,4.1,3.45,13.16,12.05,0.0,23.91,25.76,5.53,17.88,10.52,18.72,25.19,12.09,9.18,26.48,26.34,19.77,23.52,17.41,25.05,30.06,4.04,18.13,14.41,3.66,9.89,11.59,9.74,25.68,5.21,28.49,5.59,16.31,13.51,32.67,25.41,9.37,15.21,32.58,25.67,6.82,4.79,26.28,12.63,13.28,14.7,22.18,18.43,12.5,12.83,5.15,14.5,15.25,22.85,14.21,31.12,10.13,9.83,21.31,24.85,15.46,24.77,5.56,12.71,9.19,12.22,4.17,20.32,5.17,22.18,11.65,23.06,13.11,22.08,29.9,27.9,23.36,19.0
20.63,40.93,41.69,41.25,14.27,42.85,13.65,23.71,38.42,10.89,36.42,8.33,14.22,23.38,34.6,24.58,24.43,37.47,35.19,20.03,25.85,15.75,39.67,23.45,26.1,19.77,19.87,7.38,21.05,42.81,39.58,29.83,20.09,21.38,39.99,18.59,23.02,0.0,41.5,23.29,39.92,23.5,40.17,40.93,13.73,17.35,42.22,42.08,44.55,39.25,38.97,40.79,45.79,20.64,40.48,12.52,25.4,22.87,26.17,16.82,1.79,19.8,44.22,25.07,37.2,18.14,48.41,41.14,20.84,30.93,48.31,41.4,22.41,23.07,42.02,25.51,11.04,9.7,37.92,34.17,28.22,11.95,17.72,13.07,28.22,38.11,10.63,46.86,14.76,14.72,5.13,40.58,36.86,40.03,21.66,12.29,22.01,24.66,20.2,36.05,21.27,37.92,14.68,38.32,12.69,37.81,45.63,4.74,39.09,34.73
30.73,8.0,9.76,9.71,34.72,19.98,35.96,21.23,15.54,33.57,7.56,36.29,36.53,22.7,7.11,20.85,30.42,14.6,12.31,24.67,28.69,32.69,4.89,31.88,26.84,32.46,27.92,36.62,23.39,19.94,22.61,26.53,24.47,25.96,17.11,25.44,25.53,41.54,0.0,20.81,17.06,30.32,22.68,7.51,35.45,33.8,4.32,3.29,21.68,6.14,16.1,3.76,22.93,27.4,22.09,34.83,22.83,31.48,26.83,34.36,43.83,28.19,21.35,20.38,20.27,36.87,9.18,0.75,22.76,28.18,7.28,2.27,26.41,22.2,19.15,29.61,33.28,33.36,15.05,11.3,21.14,33.53,27.64,35.69,31.91,26.39,32.66,6.31,33.49,33.19,36.68,3.82,14.75,26.41,23.24,36.07,23.02,33.62,27.53,13.18,23.77,7.31,35.01,28.69,36.47,14.94,22.76,45.53,7.11,11.86
12.08,20.23,21.0,20.55,14.78,22.15,17.13,1.02,17.72,14.74,15.72,17.46,17.71,9.26,13.9,10.85,14.87,16.77,14.49,5.85,16.29,12.75,18.97,13.89,16.62,11.86,10.41,17.79,10.21,22.11,23.66,20.36,9.25,6.02,19.29,6.61,5.59,22.72,20.8,0.0,19.23,13.94,19.94,20.23,15.5,12.6,21.52,21.38,23.85,18.55,18.27,20.09,25.1,7.46,19.78,16.01,2.14,13.31,16.71,13.15,25.01,10.32,23.52,10.76,22.44,16.92,27.71,20.45,3.93,10.25,27.61,20.7,12.94,10.31,21.32,16.05,14.46,14.53,17.22,13.47,7.54,14.7,8.81,16.87,18.66,28.56,13.83,26.16,13.54,13.24,17.85,19.88,16.16,28.58,11.09,16.12,4.23,15.63,7.59,15.35,10.7,17.22,15.06,30.86,16.52,17.11,24.93,26.71,18.39,14.03
21.58,7.33,9.23,6.56,30.07,5.73,35.77,20.16,11.15,32.58,8.42,35.26,28.73,15.99,10.22,14.15,21.27,2.69,11.97,23.6,19.54,28.05,9.0,22.73,17.69,23.32,18.77,36.59,16.68,4.61,1.88,17.4,17.76,24.89,6.43,24.37,24.46,40.47,18.33,19.74,0.0,21.18,1.93,7.33,30.8,24.65,10.39,18.91,2.96,7.53,1.76,10.0,9.0,27.15,0.56,33.13,21.77,22.33,17.7,25.21,42.77,19.04,8.2,13.67,6.03,32.22,13.59,17.98,21.69,27.11,13.5,11.44,17.27,15.49,3.82,20.47,31.99,33.41,2.41,5.66,20.07,31.55,26.57,29.08,22.77,6.76,31.59,12.05,28.84,28.54,35.61,17.41,3.36,11.08,18.17,31.42,21.95,24.48,26.71,4.09,18.14,14.75,27.93,13.36,31.82,2.41,7.44,44.46,6.57,6.04
1.9,29.27,28.39,28.28,10.63,24.9,15.97,13.83,17.75,13.13,24.73,15.81,9.28,7.5,22.91,8.4,0.91,22.53,18.57,19.48,3.51,8.6,27.98,1.69,7.85,3.87,4.74,17.14,6.85,23.78,20.48,11.58,7.36,10.83,17.32,20.25,10.08,23.17,29.81,13.72,20.51,0.0,21.07,29.27,11.35,5.21,30.53,30.39,22.11,27.51,21.02,29.1,28.17,7.71,20.47,13.68,12.46,2.19,6.7,5.76,22.36,4.59,27.37,8.81,18.1,12.77,32.76,29.46,17.56,23.41,32.67,29.71,6.23,6.81,22.99,6.04,12.54,13.96,22.92,22.51,20.7,12.1,11.98,9.63,3.66,19.86,13.48,31.22,9.39,9.09,20.58,28.89,19.63,21.78,5.8,11.97,17.39,4.21,7.26,20.11,5.77,26.23,8.49,20.07,12.37,22.67,26.6,27.16,27.35,23.08
22.16,8.15,8.08,7.97,30.65,3.99,36.35,20.37,11.13,33.16,9.13,35.84,29.3,15.97,16.29,14.12,21.85,3.78,11.94,23.81,20.12,28.62,9.71,23.31,18.27,23.89,19.35,37.17,16.66,2.24,1.69,17.98,17.74,25.1,6.41,24.58,18.04,43.2,23.19,19.95,1.93,21.75,0.0,8.04,31.38,25.23,12.91,23.77,2.53,8.24,3.69,10.71,7.02,19.27,1.37,33.71,21.97,22.91,18.28,25.79,42.75,19.62,5.68,13.64,6.6,32.8,12.45,22.84,21.89,27.31,12.36,15.7,17.85,15.47,1.82,21.05,32.57,33.99,3.12,7.59,20.28,32.12,26.78,29.66,23.34,7.34,33.5,10.9,29.42,29.12,35.81,22.27,5.29,7.51,18.75,32.0,22.16,25.05,19.29,6.02,18.71,19.61,28.51,9.79,32.4,3.12,5.46,47.19,7.28,6.24
30.28,0.67,1.89,2.87,34.26,10.24,35.5,20.77,15.1,33.11,4.12,35.83,36.07,22.25,5.94,20.41,29.97,6.36,11.86,24.21,28.25,32.24,2.84,31.43,26.39,31.35,29.89,36.16,22.94,10.74,9.21,26.08,28.74,25.5,16.25,24.98,25.07,41.08,7.51,20.35,7.34,29.88,8.03,0.0,34.99,32.08,2.96,10.44,12.48,1.55,7.4,3.84,13.19,26.94,7.89,34.37,22.38,31.03,26.38,32.64,43.38,29.81,11.62,19.93,16.45,36.41,7.59,9.5,22.3,27.72,7.49,5.28,25.97,21.75,9.95,29.17,32.83,32.9,5.33,7.79,20.68,33.07,27.18,35.24,31.47,17.19,32.2,2.88,33.03,32.73,36.22,8.94,8.77,17.21,22.79,35.61,22.56,33.18,27.07,9.08,23.32,6.35,34.55,19.49,36.01,5.22,13.56,45.07,1.93,6.64
9.96,34.64,35.41,34.97,2.14,32.32,3.62,15.09,20.92,3.53,30.14,6.22,3.85,11.7,28.31,12.9,12.75,31.19,28.9,14.74,14.17,4.07,33.38,11.77,14.42,5.5,8.19,7.55,9.37,31.2,27.9,18.15,8.41,9.7,20.84,13.3,11.34,13.58,35.22,14.98,27.93,11.82,28.49,34.65,0.0,3.89,35.94,35.79,29.53,32.97,25.1,34.51,39.51,8.96,27.89,2.42,13.72,7.53,14.49,3.94,15.35,8.12,37.94,13.39,25.52,6.46,42.12,34.86,15.55,24.67,42.03,35.12,10.73,11.39,30.41,13.83,2.95,4.37,31.64,27.88,21.96,2.46,6.04,2.45,16.54,26.43,3.88,40.58,2.0,2.4,10.98,34.3,23.15,28.35,9.98,1.37,16.72,13.51,8.52,29.77,9.59,31.64,0.54,26.64,1.01,31.53,34.02,17.57,32.81,28.45
3.92,32.03,32.8,32.36,4.54,29.04,5.65,12.48,21.88,7.04,27.53,9.73,5.87,9.09,25.7,10.29,6.22,28.58,22.7,18.13,7.64,2.93,30.77,5.24,11.99,1.89,5.31,11.05,6.97,27.92,24.62,15.72,6.01,9.48,21.46,11.32,8.73,17.09,32.61,12.37,24.65,5.29,25.21,32.04,3.89,0.0,33.33,33.18,26.25,30.36,25.16,31.9,32.31,6.35,24.61,7.59,11.11,4.05,10.84,0.64,18.86,5.67,31.51,10.78,22.24,6.68,36.9,32.25,16.21,22.06,36.81,32.51,7.88,8.78,27.13,10.17,6.45,7.87,29.03,25.27,19.35,6.01,5.91,4.69,10.02,24.0,7.39,35.35,3.33,2.46,14.49,31.69,23.76,25.92,7.84,5.88,16.04,6.99,5.91,27.16,7.45,29.03,3.54,24.21,4.95,28.92,30.74,21.07,30.2,25.84
31.06,3.55,5.39,4.87,35.05,14.54,36.28,21.56,15.87,33.9,5.42,36.62,36.86,23.03,7.44,21.18,30.75,7.93,12.64,25.0,29.02,33.02,2.66,32.21,27.17,32.79,28.25,36.95,23.72,13.13,14.68,26.86,24.8,26.29,17.44,25.77,25.86,41.87,4.32,21.14,10.4,30.65,13.0,2.96,35.78,34.13,0.0,8.22,14.86,2.86,9.43,1.16,16.04,27.73,13.8,35.16,23.16,31.81,27.16,34.69,44.16,28.52,14.47,20.71,18.83,37.2,6.41,5.01,23.08,28.5,5.88,2.09,26.74,22.53,12.34,29.94,33.61,33.69,8.39,8.94,21.47,33.86,27.97,36.02,32.24,19.57,32.99,2.01,33.82,33.52,37.0,6.72,10.21,19.59,23.57,36.4,23.35,33.95,27.86,10.3,24.1,7.64,35.33,21.87,36.8,8.29,15.95,45.86,3.84,8.01
31.69,11.12,13.27,12.83,35.68,20.94,36.92,22.19,16.51,34.53,8.52,37.25,37.49,23.66,8.08,21.82,31.38,15.57,13.27,25.63,29.65,33.66,7.8,32.84,27.8,33.43,28.88,37.58,24.35,20.9,23.58,27.49,25.43,26.92,18.08,26.4,26.49,42.5,3.57,21.77,18.02,31.29,23.65,10.63,36.41,34.76,8.41,0.0,22.64,9.25,17.06,6.98,23.89,28.36,23.05,35.79,23.8,32.44,27.79,35.32,44.8,29.15,22.32,21.34,21.23,37.83,12.18,3.01,23.72,15.62,10.29,5.47,27.38,23.16,20.11,30.58,34.25,34.32,16.01,12.26,16.45,34.49,28.6,36.66,32.87,27.35,33.62,9.53,34.45,34.15,37.64,2.72,15.71,27.37,24.2,37.03,23.98,34.58,28.49,14.15,24.73,6.71,35.97,29.65,37.43,15.91,23.73,46.49,10.23,12.83
23.06,11.84,9.85,9.74,31.55,4.22,37.25,24.07,12.02,34.05,13.31,36.74,30.2,16.86,17.18,15.02,22.74,5.66,12.84,27.52,21.02,29.52,13.42,24.21,19.16,24.79,20.25,38.06,17.55,3.06,1.57,18.87,18.63,28.81,7.3,28.29,18.93,44.1,24.09,23.65,2.97,22.65,2.12,12.75,32.28,26.13,14.69,24.66,0.0,11.95,4.72,15.33,6.13,20.17,2.41,34.6,25.68,23.8,19.92,26.68,43.64,20.51,6.39,14.54,7.5,33.69,14.22,23.73,25.6,31.02,14.13,17.48,18.74,16.36,2.65,21.94,33.46,34.88,5.64,11.09,23.99,33.02,30.48,30.55,24.24,5.76,34.4,12.67,30.32,30.01,39.52,23.17,6.32,5.79,19.64,32.89,25.87,25.95,20.19,7.06,19.61,20.51,29.41,8.07,33.29,5.64,4.56,48.08,10.99,9.95
28.54,2.36,4.02,3.57,32.66,10.44,33.9,19.17,13.35,31.51,2.55,34.23,34.47,20.51,4.37,18.66,28.22,5.07,10.12,22.61,26.5,30.63,1.47,29.69,24.64,29.75,25.73,34.56,21.2,10.4,9.41,24.34,27.14,23.9,14.92,23.38,23.47,39.48,6.14,18.75,7.54,28.13,8.24,1.55,33.39,30.48,2.86,9.07,12.14,0.0,6.57,2.47,13.39,25.34,8.09,32.77,20.77,29.29,24.64,31.04,41.77,28.21,11.82,18.18,16.11,34.81,9.06,8.13,20.7,26.12,8.97,3.91,24.22,20.01,9.61,27.42,31.23,31.3,5.53,6.08,19.08,31.47,25.58,33.64,29.72,16.85,30.6,4.35,31.43,31.13,34.62,7.57,7.35,16.87,21.05,34.01,20.96,31.43,25.47,7.44,21.58,4.97,32.95,19.15,34.41,5.43,13.23,43.47,0.98,5.15
22.79,7.38,8.16,7.72,31.28,8.12,33.42,18.69,8.44,31.04,7.21,33.76,29.94,14.85,8.76,13.01,22.48,1.62,7.46,22.14,20.75,29.26,8.04,23.94,18.9,24.53,19.98,34.09,15.54,7.0,3.09,18.61,16.62,23.43,5.29,22.91,23.0,39.01,16.87,18.27,1.76,22.39,4.3,7.39,32.01,25.86,9.43,17.44,4.72,6.57,0.0,9.04,11.39,24.87,2.31,32.3,20.3,23.54,18.91,26.42,41.3,20.25,10.6,12.53,4.71,33.43,15.99,16.51,20.22,25.64,15.89,10.48,18.48,14.35,6.21,21.68,30.75,30.82,2.85,4.62,18.61,30.99,25.1,33.16,23.98,7.97,30.13,14.44,30.05,29.75,34.14,15.95,2.32,8.12,15.39,32.63,20.49,25.69,18.18,3.06,15.92,13.29,29.14,10.51,33.03,2.45,9.83,43.0,5.61,3.83
30.0,4.34,5.49,6.04,33.99,12.91,35.22,20.49,14.81,32.84,5.02,35.56,35.8,21.97,6.38,20.12,29.68,7.54,11.58,23.94,27.96,31.96,1.6,31.15,26.1,31.73,27.19,35.89,22.66,13.77,11.88,25.79,23.74,25.23,16.38,24.71,24.8,40.81,3.76,20.07,10.01,29.59,10.7,3.84,34.72,33.07,1.16,6.79,15.5,2.47,9.04,0.0,15.86,26.67,10.56,34.1,22.1,30.75,26.1,33.63,43.1,27.46,14.29,19.64,19.53,36.14,7.39,4.46,22.02,27.44,6.86,1.54,25.68,21.47,12.97,28.88,32.55,32.62,8.0,8.55,20.41,32.79,26.91,34.96,31.18,20.21,31.93,2.65,32.76,32.46,35.94,5.29,9.82,20.23,22.51,35.33,22.29,32.89,26.8,9.91,23.04,6.58,34.27,22.51,35.73,7.89,16.59,44.8,3.45,7.62
29.73,13.07,11.28,11.17,38.23,2.88,40.12,25.39,18.7,37.73,14.62,40.45,40.69,23.54,15.45,21.7,29.42,10.45,16.49,28.84,27.7,36.2,14.74,30.89,23.06,31.47,26.93,40.78,24.23,5.97,7.69,23.48,25.31,30.12,13.98,29.6,29.7,45.71,23.56,24.97,9.7,29.33,7.15,13.07,38.95,32.81,16.12,24.14,6.25,13.27,12.28,15.74,0.0,31.56,9.14,38.99,27.0,30.48,23.64,33.36,48.0,27.19,1.11,21.22,14.18,40.37,15.65,23.21,26.92,32.34,15.56,17.17,25.42,23.04,5.77,24.93,37.45,37.52,9.45,12.41,25.3,37.69,31.8,39.86,30.92,14.28,36.82,14.1,36.99,36.69,40.84,22.65,14.28,9.5,26.32,39.57,27.19,32.63,31.7,13.7,26.29,19.98,36.09,11.79,39.97,9.73,1.73,49.69,12.31,11.27
5.96,26.86,27.63,27.19,6.76,28.78,11.74,7.31,13.72,9.26,22.35,11.95,11.36,4.5,20.53,5.7,8.75,23.41,21.12,12.96,10.17,3.4,25.6,7.77,10.5,5.74,4.28,13.27,3.78,28.75,19.14,14.23,3.13,3.75,13.64,13.73,3.56,19.31,27.44,7.2,18.36,7.82,19.21,26.87,7.49,6.48,28.16,28.01,20.25,25.19,17.89,26.73,31.73,0.0,18.61,9.81,5.94,7.19,10.59,7.03,21.08,4.2,30.16,5.84,16.79,8.9,34.34,27.08,11.04,16.89,34.25,27.34,6.81,4.19,27.96,9.92,8.68,10.1,23.86,20.1,14.18,8.23,4.66,9.89,12.54,22.51,9.61,32.8,5.53,5.22,16.71,26.52,15.94,24.43,4.97,8.1,10.87,9.51,0.3,21.99,4.57,23.86,7.04,22.72,8.5,23.75,31.57,23.3,25.03,20.67
21.63,7.89,8.67,8.56,30.12,5.18,35.82,20.72,10.6,32.63,8.98,35.31,28.77,15.44,15.76,13.59,21.32,3.25,11.41,24.16,19.59,28.09,9.56,22.78,17.74,23.36,18.82,36.64,16.13,4.06,2.09,17.45,17.21,25.45,5.88,24.93,17.51,42.67,22.66,20.3,0.56,21.23,1.37,7.89,30.85,24.7,13.5,23.24,2.41,8.09,2.31,10.56,8.44,18.74,0.0,33.18,22.32,22.38,17.75,25.26,42.22,19.09,7.65,13.11,6.07,32.27,13.04,22.31,22.24,27.66,12.95,11.99,17.32,14.94,3.26,20.52,32.04,33.46,2.97,6.21,20.63,31.6,27.13,29.13,22.81,6.81,32.97,11.49,28.89,28.59,36.16,21.74,3.91,10.52,18.22,31.47,22.51,24.52,18.76,4.65,18.18,19.08,27.98,12.8,31.87,2.96,6.88,46.66,7.13,6.59
11.22,34.62,35.39,34.94,4.87,36.54,1.5,17.37,32.11,1.68,30.11,4.91,2.41,13.98,28.29,15.18,15.03,31.16,28.88,13.72,16.45,6.35,33.36,14.04,16.7,10.37,10.47,6.24,11.65,36.5,30.18,20.43,10.69,11.98,23.12,12.28,13.62,12.28,35.19,17.26,30.21,14.1,30.77,34.62,2.42,5.7,35.91,35.77,31.81,32.94,32.66,34.48,39.49,11.24,30.17,0.0,15.99,13.47,16.77,7.42,14.05,10.4,37.91,15.67,27.8,8.74,42.1,34.84,14.53,24.62,42.0,35.09,13.01,13.67,35.71,16.11,1.63,3.06,31.61,27.86,21.91,2.54,8.32,1.32,17.25,28.71,2.77,40.55,5.36,5.32,9.68,34.27,30.55,30.63,12.26,2.12,15.7,14.87,10.8,29.75,11.87,31.61,3.81,28.92,1.52,31.5,39.32,16.26,32.78,28.42
10.81,22.52,23.29,22.84,13.5,24.44,18.48,2.17,9.29,16.01,18.01,18.69,18.11,7.99,16.19,9.57,13.59,19.07,16.78,6.4,15.02,11.47,21.26,12.61,15.35,10.59,9.13,20.02,8.94,24.4,25.96,19.08,7.98,4.74,21.58,7.16,4.31,26.05,23.09,2.86,21.52,12.67,22.23,22.52,14.23,11.32,23.81,23.67,26.14,20.85,20.56,22.38,27.39,6.18,22.07,16.55,0.0,12.03,15.43,11.88,27.82,9.05,25.82,9.49,24.73,15.65,30.0,22.74,4.08,12.54,29.91,22.99,11.66,9.04,23.61,14.77,15.42,16.84,19.51,15.76,9.83,14.97,7.92,16.64,17.39,27.36,16.35,28.45,12.27,11.97,18.4,22.18,18.45,30.87,9.81,14.85,4.35,14.36,6.31,17.65,9.42,19.51,13.79,33.15,15.25,19.41,27.23,30.04,20.69,16.33
2.82,30.84,29.97,29.85,9.51,26.47,8.54,12.71,19.32,12.01,26.3,14.69,7.84,7.95,24.48,8.85,2.58,24.1,20.14,18.36,5.08,7.48,29.55,1.96,9.42,2.68,4.66,16.02,7.2,25.35,22.05,13.15,6.24,9.71,18.89,19.13,8.96,22.05,31.38,12.6,22.08,2.19,22.64,30.84,10.23,4.02,32.1,31.96,23.69,29.08,22.59,30.67,29.74,6.59,22.05,12.56,11.34,0.0,8.27,4.58,20.3,4.77,28.94,9.26,19.67,11.65,34.33,31.03,16.44,22.29,34.24,31.29,6.69,7.26,24.56,7.61,11.42,12.84,24.49,24.08,19.58,10.98,10.86,8.45,7.22,21.43,12.36,32.79,8.27,6.37,19.46,30.47,21.2,23.36,6.26,10.85,16.27,2.71,6.15,21.68,6.22,27.8,7.3,21.64,11.25,24.25,28.18,26.04,28.92,24.65
7.73,26.09,25.21,25.1,16.22,21.72,21.92,19.43,14.56,18.73,21.55,21.41,14.87,8.04,19.72,6.64,7.42,19.35,15.38,25.08,4.89,14.19,24.79,8.88,1.91,9.46,6.46,22.74,7.34,21.97,17.3,3.63,7.76,16.43,14.14,25.84,11.25,28.77,26.63,19.32,17.33,7.32,17.89,26.09,16.95,10.8,27.35,27.21,19.85,24.33,17.84,25.92,23.56,13.3,17.29,19.27,18.05,8.48,0.0,11.36,28.32,6.73,23.82,7.36,14.92,18.37,29.58,26.27,23.16,29.0,29.49,26.53,4.95,7.83,19.81,1.29,18.14,19.56,19.74,19.32,26.29,17.69,17.58,15.23,6.31,13.7,19.07,28.03,14.99,14.69,26.17,25.71,16.44,15.62,6.29,17.57,22.99,10.62,12.86,16.92,6.25,23.05,14.08,13.91,17.97,19.49,21.99,32.76,24.17,19.89
4.48,32.14,32.91,32.47,4.01,29.59,5.7,12.59,22.44,6.51,27.63,9.2,5.92,9.2,25.81,10.4,6.78,28.69,23.26,12.22,8.2,2.4,30.88,5.79,12.54,2.44,5.43,10.52,7.07,28.47,25.18,16.28,6.12,7.92,22.02,10.79,8.84,16.56,32.71,12.48,25.2,5.85,25.77,32.14,3.94,0.64,33.43,33.29,26.81,30.47,25.71,32.01,32.86,6.46,25.17,7.06,11.21,4.6,11.39,0.0,18.33,6.43,32.07,10.88,22.79,6.15,37.46,32.36,16.32,22.16,37.36,32.62,9.04,8.89,27.68,10.73,5.93,7.35,29.14,25.38,19.45,5.48,5.38,4.74,10.57,24.55,6.86,35.91,2.8,1.93,13.96,31.8,24.32,26.48,8.29,5.35,16.14,7.54,6.02,27.27,7.9,29.14,3.6,24.77,5.75,29.03,31.3,20.55,30.31,25.95
22.34,42.63,43.4,42.96,15.98,44.55,15.35,25.42,40.12,12.59,38.12,10.04,15.93,25.09,36.3,26.29,26.13,39.18,36.89,21.73,27.55,17.46,41.37,25.15,27.81,21.48,21.58,9.09,22.76,44.52,41.29,31.54,21.8,23.09,41.7,20.3,24.73,1.79,43.21,25.0,41.63,25.2,41.87,42.64,15.44,19.05,43.93,43.78,46.25,40.96,40.67,42.5,47.5,22.35,42.19,14.23,27.1,24.57,27.88,18.52,0.0,21.51,45.93,26.77,38.9,19.85,50.11,42.85,22.55,32.63,50.02,43.11,24.12,24.78,43.72,27.22,12.75,11.41,39.63,35.87,29.92,13.66,19.43,14.78,23.29,39.82,12.34,48.56,16.46,16.42,6.84,42.29,38.57,41.74,23.37,14.0,23.71,20.91,21.91,37.76,22.98,39.63,16.38,40.03,14.4,39.52,47.34,6.98,40.8,36.44
2.45,27.7,26.82,26.71,7.28,23.33,12.26,10.28,16.17,9.78,23.16,12.47,11.88,4.07,21.34,5.27,7.61,20.96,16.99,15.93,5.48,5.25,26.41,6.63,6.31,4.6,0.49,13.79,1.53,22.21,18.91,10.04,1.71,7.27,15.75,16.69,5.2,19.83,28.24,10.17,18.94,4.36,19.5,27.7,8.01,5.34,28.96,28.82,20.54,25.94,19.45,27.53,28.18,4.15,18.9,10.33,8.9,6.05,7.06,6.42,21.6,0.0,25.8,5.2,16.53,9.43,31.19,27.88,14.01,19.85,31.1,28.14,2.62,3.76,21.42,6.82,9.2,10.62,21.35,20.94,17.14,8.75,8.64,10.41,7.49,18.32,10.13,29.64,6.05,5.74,17.23,27.32,18.05,20.24,1.87,8.62,13.83,8.37,3.58,18.53,1.48,24.66,7.56,18.53,9.02,21.1,26.62,23.82,25.78,21.5
28.33,11.67,9.88,9.77,36.83,1.77,38.72,23.99,17.3,36.33,13.22,39.05,39.3,22.14,14.06,20.3,28.02,9.05,15.09,27.44,26.3,34.8,13.34,29.49,23.32,30.07,25.53,39.38,22.83,6.23,6.21,23.75,23.91,28.72,12.58,28.2,28.3,44.31,22.16,23.57,8.3,27.93,5.67,11.67,37.55,31.41,14.72,22.74,6.51,11.87,10.88,14.34,1.11,30.17,7.74,37.6,25.6,29.08,23.9,31.96,46.6,25.79,0.0,19.82,12.78,38.97,14.25,21.81,25.52,30.94,14.16,15.78,24.02,21.64,3.9,25.2,36.05,36.12,8.05,11.01,23.91,36.29,30.4,38.46,29.52,14.55,35.42,12.7,35.59,35.29,39.44,21.25,12.88,9.77,24.92,38.17,25.79,31.23,30.3,12.3,24.89,18.58,34.69,12.05,38.57,8.33,2.01,48.29,10.91,9.87
6.89,19.86,20.8,20.69,12.16,17.31,17.14,10.73,8.0,14.66,15.32,17.28,16.77,2.08,13.49,1.05,8.91,13.68,9.15,16.38,9.71,10.13,18.56,12.11,7.85,10.08,5.52,18.61,3.6,16.19,13.41,12.08,4.68,8.1,7.91,17.15,5.59,24.64,20.4,10.63,12.64,8.21,13.48,19.86,12.89,10.82,21.12,20.97,14.52,18.1,12.17,19.69,20.58,5.84,12.88,15.21,9.36,11.53,8.6,11.37,26.42,5.27,19.78,0.0,11.06,14.24,25.17,20.04,14.47,20.31,25.08,20.3,4.79,2.4,15.4,10.63,14.08,15.5,15.05,13.09,17.6,13.63,9.38,15.3,10.85,16.12,15.01,23.62,10.93,10.63,22.04,19.48,10.22,17.73,3.45,13.51,14.29,14.64,6.23,10.7,3.98,16.82,12.45,20.07,13.91,14.8,19.01,28.63,17.94,13.66
19.2,15.76,13.78,13.66,27.69,10.28,33.39,21.04,7.01,30.2,13.99,32.88,26.34,13.33,12.17,11.49,18.89,6.38,7.82,24.48,17.16,25.67,17.24,20.35,15.31,20.93,16.39,34.21,14.02,9.16,5.87,15.02,15.1,27.9,2.6,25.25,15.4,40.24,19.07,20.62,5.89,18.8,6.46,16.67,28.42,22.27,18.61,19.65,7.5,15.88,4.87,19.25,13.55,24.77,5.86,30.75,22.65,19.95,15.32,22.83,39.79,16.66,12.75,11.01,0.0,29.84,18.15,18.72,22.57,27.99,18.05,18.97,14.89,12.83,8.37,18.09,29.61,31.03,8.3,7.16,20.95,29.17,29.05,26.7,20.38,5.15,30.54,16.6,26.46,26.16,37.64,18.15,3.85,8.64,15.79,29.04,22.83,22.09,24.33,4.33,15.75,15.49,25.55,11.03,29.44,8.06,11.99,44.23,14.92,6.98
12.96,35.48,36.25,35.81,6.61,37.4,2.92,18.27,32.97,2.97,30.97,5.94,3.49,15.72,29.15,16.92,16.45,32.03,29.74,14.58,18.19,8.09,34.22,16.11,18.44,12.11,12.21,7.27,13.39,37.37,31.92,22.17,12.43,13.72,24.86,13.15,15.36,13.3,36.06,17.85,34.48,15.84,32.51,35.49,4.1,9.69,36.78,36.63,39.1,33.81,33.52,35.35,40.35,12.98,31.91,1.79,17.74,15.54,18.52,9.16,15.08,12.14,38.78,17.41,29.54,0.0,42.96,35.7,15.4,25.48,42.87,35.96,14.75,15.41,36.57,17.85,4.16,4.07,32.48,28.72,22.77,4.41,10.06,2.66,18.12,30.45,3.63,41.41,7.1,7.06,10.71,35.14,31.42,32.37,14.0,3.8,16.56,15.74,12.54,30.61,13.61,32.48,7.02,30.66,3.2,32.37,40.19,17.29,33.65,29.29
33.81,7.66,7.21,7.49,41.75,13.96,42.98,28.25,22.58,40.59,11.62,43.31,43.55,27.62,18.32,25.77,33.5,13.31,19.35,31.7,31.78,39.72,9.34,34.97,29.92,35.55,31.01,43.64,28.31,12.55,14.1,29.63,29.39,32.98,18.06,32.46,32.56,48.57,9.18,27.83,13.78,33.41,12.42,7.57,42.47,36.89,6.41,12.19,14.29,9.05,16.36,7.38,15.46,34.43,13.22,41.86,29.86,34.56,29.93,37.44,50.86,31.27,13.89,25.3,18.26,43.89,0.0,10.23,29.78,35.2,4.05,7.39,29.5,27.12,11.76,32.7,40.31,40.38,12.31,15.27,28.16,40.55,34.66,42.72,35.0,18.99,39.68,5.1,40.51,40.21,43.7,12.45,16.49,19.01,30.4,43.09,30.05,36.71,34.56,16.56,30.37,13.86,42.03,21.3,43.49,12.59,15.37,52.55,9.43,14.13
30.37,9.8,11.95,11.51,34.37,19.62,35.6,20.87,15.19,33.21,7.2,35.93,36.18,22.34,6.76,20.5,30.06,14.25,11.96,24.32,28.34,32.34,6.48,31.53,26.48,32.11,27.57,36.26,23.04,19.59,22.26,26.17,24.12,25.6,16.76,25.08,25.18,41.19,0.74,20.45,16.7,29.97,22.33,9.31,35.09,33.45,5.0,3.02,21.32,7.94,15.74,4.45,22.57,27.05,21.73,34.48,22.48,31.12,26.48,34.0,43.48,27.83,21.0,20.02,19.91,36.51,10.23,0.0,22.4,17.89,8.34,3.19,26.06,21.84,18.79,29.26,32.93,33.0,14.7,10.94,20.79,33.17,27.28,35.34,31.56,26.03,32.3,6.99,33.13,32.83,36.32,3.47,14.39,26.05,22.89,35.71,22.67,33.27,27.18,12.83,23.41,6.96,34.65,28.33,36.11,14.59,22.41,45.18,8.91,11.51
15.68,22.1,22.86,22.42,16.08,24.02,15.59,4.88,19.59,13.2,17.59,15.92,16.16,12.86,15.77,14.45,18.47,18.64,16.36,2.95,19.89,16.35,20.84,17.49,20.22,15.46,14.01,16.25,13.81,23.98,25.53,30.57,12.85,5.66,21.16,5.07,9.19,21.17,22.67,4.46,21.09,17.54,21.81,22.1,15.54,16.2,23.39,23.25,25.72,20.42,20.14,21.96,26.96,11.06,21.65,14.46,4.08,16.91,20.31,16.75,23.47,13.92,25.39,14.36,24.31,20.52,29.58,22.31,0.0,12.1,29.48,22.57,16.54,13.91,23.19,19.65,12.92,12.99,19.09,15.34,9.39,13.16,7.27,15.33,22.26,30.43,12.29,28.03,16.57,16.84,16.31,21.75,18.03,30.45,14.69,14.16,1.48,19.24,11.19,17.22,14.3,19.09,16.49,32.73,14.56,18.98,26.8,25.16,20.26,15.9
21.6,27.58,28.35,27.9,24.29,29.5,25.5,10.8,25.07,23.12,23.07,25.84,26.08,18.78,21.25,20.36,24.38,24.13,21.84,14.22,25.81,22.27,26.32,23.4,26.14,21.38,19.92,26.17,19.73,29.46,31.02,29.87,18.77,15.53,26.64,14.99,15.1,31.09,18.69,10.38,26.58,23.46,27.29,27.58,25.02,22.11,28.87,15.52,31.2,25.9,25.62,27.44,32.45,16.97,27.13,24.38,12.41,22.82,26.23,22.67,33.38,19.84,30.88,20.28,29.79,26.44,35.06,18.34,10.92,0.0,34.97,28.05,22.45,19.83,28.67,25.56,22.83,22.9,24.57,20.82,3.75,23.07,17.18,25.24,28.18,35.91,22.2,33.51,23.06,22.76,26.22,17.63,23.51,35.93,20.6,25.64,10.17,25.15,17.1,22.71,20.21,24.57,24.58,38.21,26.04,24.47,32.29,35.08,25.75,21.38
33.84,7.69,7.24,7.52,41.78,14.0,43.01,28.28,22.61,40.62,11.65,43.35,43.59,27.65,18.35,25.81,33.53,13.34,19.38,31.73,31.81,39.75,9.37,35.0,29.95,35.58,31.04,43.67,28.34,12.58,14.13,29.66,29.42,33.02,18.09,32.5,32.59,48.6,7.28,27.86,13.81,33.44,12.45,7.6,42.5,36.92,5.88,10.29,14.32,9.08,16.39,6.86,15.5,34.46,13.25,41.89,29.89,34.59,29.96,37.47,50.89,31.3,13.93,25.33,18.29,43.92,4.2,8.33,29.81,35.23,0.0,6.11,29.53,27.15,11.79,32.73,40.34,40.41,12.34,15.3,28.2,40.58,34.69,42.75,35.03,19.03,39.71,4.71,40.54,40.24,43.73,10.27,16.52,19.05,30.43,43.12,30.08,36.74,34.59,16.59,30.4,13.34,42.06,21.33,43.52,12.62,15.4,52.59,9.46,14.16
30.71,5.77,6.93,7.48,34.7,14.35,35.93,21.2,15.52,33.55,5.28,36.27,36.51,22.68,7.09,20.83,30.39,8.98,12.29,24.65,28.67,32.67,2.7,31.86,26.81,32.44,27.9,36.6,23.37,16.01,13.32,26.51,24.45,25.94,17.09,25.42,25.51,41.52,2.27,20.78,11.44,30.3,12.14,5.28,35.43,33.78,2.09,5.42,17.75,3.91,10.48,1.54,17.3,27.38,12.0,34.81,22.81,31.46,26.81,34.34,43.81,28.17,15.72,20.35,20.24,36.85,7.39,3.2,22.73,28.15,6.11,0.0,26.39,22.18,15.22,29.59,33.26,33.33,9.44,11.28,21.12,33.51,27.62,35.67,31.89,22.45,32.64,4.08,33.47,33.17,36.65,4.31,14.73,22.47,23.22,36.04,23.0,33.6,27.51,13.16,23.75,7.29,34.98,24.76,36.44,9.33,18.83,45.51,4.88,11.84
4.27,25.91,25.03,24.92,9.91,21.54,14.89,12.17,14.38,12.42,21.37,15.1,14.52,3.32,19.55,4.32,8.2,19.17,15.2,17.82,6.48,7.88,24.62,9.67,4.52,10.25,2.45,16.43,2.67,20.42,17.12,8.25,3.15,9.17,13.96,18.59,6.64,22.46,26.45,12.07,17.15,8.11,17.71,25.91,10.64,11.59,27.17,27.03,18.75,24.15,17.66,25.74,26.39,6.05,17.11,12.97,10.8,9.26,5.27,12.14,24.23,2.64,24.01,4.63,14.74,12.06,29.4,26.09,15.91,21.75,29.31,26.35,0.0,3.05,19.63,7.4,11.83,13.25,19.56,19.15,19.04,11.38,10.55,13.05,9.7,16.53,12.76,27.85,8.68,8.38,19.86,25.53,16.26,18.45,1.62,11.26,15.73,11.41,5.61,16.74,1.59,22.87,10.2,16.74,11.66,19.31,24.83,26.45,23.99,19.71
4.94,21.77,22.72,22.61,10.14,19.23,15.12,10.77,9.91,12.64,17.23,15.26,14.74,0.88,15.41,1.89,6.96,15.6,11.07,16.42,7.38,8.11,20.48,10.08,7.13,8.06,3.4,16.58,1.57,18.11,15.33,10.87,2.65,7.3,9.83,17.19,4.79,22.62,22.32,10.67,14.56,6.26,15.4,21.78,10.86,8.79,23.04,22.89,16.44,20.01,14.09,21.61,22.5,4.19,14.8,13.19,9.4,9.5,7.88,9.35,24.39,2.85,21.7,2.38,12.98,12.22,27.09,21.96,14.51,20.35,27.0,22.22,3.22,0.0,17.32,8.14,12.05,13.47,16.97,15.01,17.64,11.61,8.83,13.27,8.9,19.14,12.99,25.54,8.9,8.6,20.02,21.4,12.13,21.07,1.28,11.48,14.33,11.83,4.2,12.61,1.59,18.74,10.42,19.35,11.88,16.72,20.93,26.61,19.85,15.58
24.05,9.65,7.66,7.55,32.54,2.21,36.61,21.89,13.01,34.23,11.12,36.95,31.19,17.85,11.95,16.01,23.73,6.95,12.98,25.33,22.01,30.51,11.23,25.2,21.07,25.78,21.24,37.28,18.55,0.88,2.36,19.86,19.62,26.62,8.29,26.1,26.19,42.2,20.06,21.47,3.75,23.64,1.82,10.56,33.27,27.12,12.5,20.64,2.65,9.76,6.59,13.14,5.45,28.06,3.2,35.49,23.49,24.8,21.65,27.68,44.49,21.51,3.9,15.53,8.49,34.69,12.03,19.7,23.41,28.83,11.94,15.29,19.73,17.35,0.0,22.95,33.94,34.02,5.31,8.9,21.8,34.19,28.3,36.35,25.23,12.3,33.32,10.49,31.31,31.01,37.33,19.14,8.6,7.52,20.64,33.88,23.68,26.94,28.19,10.19,20.6,16.48,30.4,9.8,34.28,6.22,3.88,46.19,8.8,7.76
7.07,27.52,26.64,26.53,15.56,23.15,21.26,18.76,15.99,18.06,22.98,20.75,14.21,8.95,21.16,9.74,6.75,20.78,16.81,24.41,4.22,13.53,26.23,8.22,3.21,8.8,6.42,22.07,8.3,23.4,18.73,3.62,8.66,15.76,15.57,25.18,15.02,28.11,28.06,18.66,18.76,6.66,19.32,27.52,16.29,10.14,28.78,28.64,21.29,25.76,19.27,27.35,24.99,12.64,18.72,18.61,17.39,7.81,1.29,10.69,27.65,7.34,25.26,10.27,16.35,17.7,31.01,27.7,22.5,28.34,30.92,27.96,6.25,8.25,21.24,0.0,17.48,18.9,21.17,20.76,25.63,17.03,16.92,14.56,5.64,15.13,18.41,29.46,14.33,14.02,25.51,27.14,17.87,17.05,7.25,16.9,22.32,9.96,12.2,18.35,7.21,24.48,13.42,15.34,17.3,20.92,23.43,32.09,25.6,21.32
9.59,35.29,36.06,35.61,3.24,32.96,6.98,15.73,21.57,4.5,30.78,7.18,6.6,12.35,28.96,13.54,13.39,31.83,29.55,15.7,14.81,4.72,34.03,12.41,15.06,8.73,8.84,8.51,10.01,31.84,28.54,18.8,9.06,10.35,21.49,14.27,11.99,14.54,35.86,15.63,28.57,12.46,29.13,35.29,2.7,6.31,36.58,36.44,30.17,33.61,25.74,35.15,40.16,9.61,28.54,5.05,14.36,11.83,15.14,5.78,16.32,8.76,38.58,14.03,26.16,7.1,42.77,35.51,16.51,25.31,42.68,35.76,11.38,12.04,31.05,14.48,0.0,5.33,32.28,28.53,22.6,3.13,6.69,5.13,17.19,27.07,4.53,41.22,3.72,3.68,11.94,34.94,23.79,29.0,10.63,2.98,19.29,14.16,9.17,30.42,10.24,32.28,3.64,27.29,3.62,32.18,34.66,18.53,33.45,29.09
11.08,32.99,33.76,33.32,4.73,34.91,4.1,17.22,30.49,1.18,28.49,2.42,4.68,13.84,26.66,15.03,14.88,29.54,27.25,12.09,16.3,6.21,31.73,13.9,16.55,10.22,10.33,3.75,11.5,34.88,30.03,20.29,10.55,11.84,22.98,10.66,13.48,9.78,33.57,17.12,30.06,13.95,30.62,33.0,4.18,7.8,34.29,34.14,31.66,31.32,31.04,32.86,37.86,11.1,30.03,2.98,15.85,13.32,16.63,7.27,11.56,10.25,36.29,15.52,27.65,8.59,40.47,33.21,12.91,23.0,40.38,33.47,12.87,13.53,34.09,15.97,1.5,0.0,29.99,26.23,20.29,1.91,8.18,3.53,18.68,28.56,0.93,38.93,5.21,5.17,7.19,32.65,28.93,30.49,12.12,2.75,14.07,15.65,10.66,28.12,11.72,29.99,5.13,28.78,3.14,29.88,37.7,13.77,31.16,26.8
23.99,5.32,5.6,5.16,31.65,6.75,32.88,18.16,12.48,30.5,6.42,33.22,33.46,19.64,8.22,17.8,23.68,1.93,9.25,21.6,21.95,29.62,7.0,25.14,20.1,25.73,21.18,33.55,20.33,6.72,4.29,19.81,26.13,22.89,8.82,22.37,22.46,38.47,16.33,17.73,2.41,23.59,3.11,5.33,32.38,27.06,8.39,16.91,5.64,5.53,2.85,8.0,9.7,24.33,2.97,31.76,19.76,24.74,20.11,27.62,40.76,21.45,8.13,17.32,8.44,33.8,12.31,15.97,19.68,25.1,12.22,9.43,19.68,19.14,5.93,22.88,30.21,30.29,0.0,5.17,18.07,30.46,24.57,32.62,25.18,9.17,29.59,10.77,30.42,30.12,33.6,15.41,4.79,13.18,20.58,32.99,19.95,26.89,24.46,4.31,20.55,12.75,31.93,15.47,33.39,1.05,9.54,42.46,4.57,4.03
23.98,7.83,8.59,8.15,27.97,9.74,29.2,14.47,8.8,26.81,3.54,29.53,29.78,15.95,3.88,14.11,23.67,3.61,5.57,17.92,21.95,25.94,7.55,25.14,20.09,25.05,23.6,29.86,16.65,9.71,6.99,19.78,22.44,19.2,5.04,18.68,18.78,34.79,12.64,14.05,5.67,23.58,8.2,7.83,28.69,25.79,8.94,13.22,8.63,6.08,4.02,8.55,12.69,20.65,6.22,28.08,16.08,24.73,20.09,26.34,37.08,23.51,11.12,13.63,7.17,30.11,15.3,12.29,16.0,21.42,15.21,9.99,19.67,15.46,8.92,22.87,26.53,26.6,4.86,0.0,14.39,26.77,20.88,28.94,25.17,11.88,25.9,13.76,26.73,26.43,29.92,11.73,2.8,16.17,16.5,29.31,16.27,26.88,20.78,2.0,17.03,9.06,28.25,18.46,29.71,4.35,12.53,38.77,5.92,1.1
18.77,20.43,21.19,20.75,21.46,22.35,22.67,7.97,17.92,20.28,15.92,23.01,23.25,15.95,14.1,17.53,21.55,16.97,14.69,11.39,22.98,19.43,19.17,20.57,23.31,18.55,17.09,23.33,16.9,22.31,23.86,28.9,15.94,12.7,19.49,12.16,12.27,28.26,21.0,7.55,19.42,20.63,20.14,20.43,22.19,19.28,21.72,21.58,24.05,18.75,18.47,20.29,25.29,14.14,19.98,21.55,9.57,19.99,23.39,19.84,30.55,17.01,23.72,17.45,22.64,23.61,27.91,20.64,8.09,3.69,27.81,20.9,19.62,17.0,21.52,22.73,20.0,20.07,17.42,13.67,0.0,20.24,14.35,22.41,25.35,28.76,19.37,26.36,20.23,19.93,23.39,20.08,16.36,28.78,17.77,22.81,7.34,22.32,14.27,15.55,17.38,17.42,21.75,31.06,23.21,17.31,25.13,32.25,18.59,14.23
9.47,33.33,34.1,33.65,2.0,35.25,3.74,15.62,21.45,2.0,28.82,4.68,4.11,12.23,27.0,13.43,13.27,29.87,27.59,12.43,14.7,4.6,32.07,12.29,14.95,8.61,8.72,6.01,9.9,35.21,28.43,18.68,8.94,10.23,21.37,11.0,11.87,12.04,33.9,15.51,28.45,12.35,29.02,33.33,2.46,6.19,34.62,34.48,30.06,31.65,31.37,33.19,38.2,9.49,28.42,2.53,14.24,11.71,15.02,5.66,13.82,8.65,36.62,13.91,26.05,6.99,40.81,33.55,13.24,23.33,40.72,33.8,11.26,11.92,34.42,14.36,1.21,1.91,30.32,26.57,20.62,0.0,5.82,2.64,17.07,26.96,1.48,39.26,3.61,3.57,9.44,32.98,29.26,28.88,10.51,1.09,14.41,14.04,9.05,28.46,10.12,30.32,3.07,27.17,1.49,30.22,38.04,16.03,31.49,27.13
10.44,27.19,27.96,27.52,3.87,29.11,10.2,8.77,13.39,7.73,22.68,10.41,9.83,7.88,20.86,10.34,13.22,23.74,21.45,6.29,14.65,3.5,25.93,12.24,14.84,7.68,8.62,11.74,8.42,29.08,30.63,18.58,7.61,3.58,16.94,5.01,5.11,17.77,27.77,8.67,26.19,12.3,26.91,27.2,5.95,5.91,28.49,28.34,30.81,25.52,25.24,27.06,32.06,4.66,26.75,8.28,7.4,11.66,14.92,5.38,19.55,8.54,30.49,9.38,25.94,7.37,34.67,27.41,7.11,17.2,34.58,27.67,11.16,8.83,28.29,14.25,7.14,8.56,24.19,20.43,14.49,5.82,0.0,8.36,17.02,26.85,7.22,33.13,3.99,3.95,14.44,26.85,23.13,35.54,9.44,6.57,8.27,13.99,4.95,22.32,9.05,24.19,5.49,27.07,6.97,24.08,31.9,21.76,25.36,21.0
8.36,36.39,37.16,36.71,4.92,38.31,1.18,17.41,23.25,2.8,31.88,5.62,1.54,14.02,30.06,15.22,10.43,32.93,30.65,15.49,11.86,6.39,35.13,9.45,16.74,6.3,10.52,6.94,11.69,38.27,30.22,20.48,10.73,12.03,23.16,14.05,13.67,12.98,36.96,17.31,30.25,9.51,30.81,36.39,2.45,4.69,37.68,37.54,31.85,34.71,34.43,36.25,41.25,11.29,30.21,1.32,16.04,8.33,16.82,4.74,14.75,10.44,39.68,15.71,27.84,8.78,43.87,36.6,16.3,26.39,43.77,36.86,13.06,13.71,37.48,16.15,2.34,3.77,33.38,29.63,23.68,2.64,8.37,0.0,17.16,28.75,4.54,42.32,5.4,5.36,10.38,36.04,32.32,30.68,12.31,2.22,17.47,14.78,10.85,31.51,11.91,33.38,3.29,28.97,1.55,33.27,41.09,16.97,34.55,30.19
5.54,30.39,29.52,29.4,14.3,26.02,16.73,17.5,18.87,16.8,25.85,19.49,15.46,9.92,24.03,10.79,4.79,23.65,19.69,23.15,4.01,12.27,29.1,5.3,8.97,7.54,7.16,21.33,9.27,24.9,21.6,12.7,11.03,14.5,18.44,23.92,13.76,27.17,30.93,17.4,21.63,3.71,22.19,30.39,15.02,8.88,31.65,31.51,23.23,28.63,22.14,30.22,29.29,11.38,21.6,17.58,16.13,7.29,6.29,9.43,23.12,7.56,28.49,11.23,19.22,16.44,33.88,30.58,21.24,27.08,33.79,30.83,7.97,9.23,24.11,5.63,16.21,19.71,24.04,23.63,24.37,15.77,15.65,17.69,0.0,20.98,19.28,32.34,13.06,12.76,24.58,30.02,20.75,22.9,8.22,15.64,21.06,7.66,10.94,21.23,8.19,27.35,12.16,21.19,16.04,23.8,27.73,31.16,28.47,24.2
20.97,16.91,14.92,14.81,29.47,13.81,35.17,29.15,14.48,31.97,18.38,34.66,28.12,19.74,19.64,16.39,20.66,9.06,15.3,32.59,18.94,27.44,18.49,22.13,13.2,22.71,18.16,35.98,19.04,12.25,5.86,13.63,19.46,29.67,9.76,33.36,22.95,42.02,26.55,28.72,7.04,20.57,7.6,17.82,30.19,24.05,19.76,27.13,5.76,17.02,7.55,20.4,13.84,26.55,7.0,32.52,31.3,21.72,13.78,24.6,41.56,18.43,14.11,17.0,5.16,31.61,19.29,26.19,30.67,36.09,19.2,22.55,16.66,17.39,12.05,15.07,31.38,32.8,9.45,11.45,29.06,30.94,30.82,28.47,22.16,0.0,32.32,17.75,28.23,27.93,39.42,25.63,9.15,5.9,17.99,30.81,30.94,23.87,26.11,9.88,17.96,22.97,27.33,6.21,31.21,9.2,12.28,46.0,16.06,15.02
10.83,32.3,33.06,32.62,3.39,34.21,4.22,15.08,29.79,1.14,27.79,2.83,4.8,13.59,25.97,14.78,14.63,28.84,26.55,11.39,16.05,5.95,31.03,13.65,16.3,9.97,10.08,4.68,11.25,34.18,29.78,20.04,10.29,11.59,31.36,9.96,13.23,10.71,32.87,14.66,31.29,13.7,30.37,32.3,3.93,7.55,33.59,33.45,35.92,30.62,30.34,32.16,37.16,10.85,31.85,3.1,15.6,13.07,16.38,7.02,12.48,10.0,35.59,15.27,27.4,8.34,39.77,32.51,12.21,22.3,39.68,32.77,12.62,13.28,33.39,15.71,1.24,0.93,29.29,25.53,19.59,1.48,7.93,3.96,19.42,28.31,0.0,38.23,4.96,4.92,8.11,31.95,28.23,30.24,11.87,2.49,13.37,17.04,10.41,27.42,11.47,29.29,4.88,28.53,2.89,29.18,37.0,14.7,30.46,26.1
32.38,2.97,3.37,3.0,40.31,12.53,41.54,26.82,17.36,39.16,6.91,41.88,42.12,26.18,8.94,24.34,32.07,11.88,14.13,30.26,30.34,38.28,4.15,33.53,28.49,34.11,29.57,42.21,26.88,11.11,12.67,28.19,27.96,31.55,16.63,31.03,31.12,47.13,6.31,26.4,12.34,31.97,10.99,2.88,41.04,35.45,2.01,11.24,12.85,4.35,14.92,2.65,14.03,32.99,11.79,40.42,28.42,33.13,28.5,36.01,49.42,29.84,12.46,23.86,16.82,42.46,5.1,7.0,28.34,33.76,4.71,4.08,28.06,25.68,10.32,31.26,38.87,38.95,10.88,13.84,26.73,39.12,33.23,41.28,33.56,17.56,38.25,0.0,39.08,38.78,42.26,9.75,15.06,17.58,28.97,41.66,28.61,35.27,33.12,15.12,28.93,9.13,40.59,19.86,42.06,8.04,13.94,51.12,5.33,12.69
8.1,32.78,33.55,33.11,1.27,30.46,6.25,13.23,19.06,3.77,28.27,6.46,5.87,9.84,26.45,11.04,10.88,29.33,27.04,14.97,12.31,2.21,31.52,9.9,12.56,7.88,6.33,7.78,7.51,29.33,26.04,16.29,6.55,7.84,18.98,13.54,9.48,13.82,33.36,13.12,26.06,9.96,26.63,32.78,2.03,3.53,34.08,33.93,27.67,31.11,23.24,32.65,37.65,7.1,26.03,4.32,11.85,9.32,12.63,3.0,15.59,6.26,36.08,11.53,23.66,4.6,40.26,33.0,15.79,22.8,40.17,33.26,8.87,9.53,28.54,11.97,3.19,4.61,29.78,26.02,20.09,2.74,4.18,4.4,14.68,24.57,4.12,38.71,0.0,1.18,11.22,32.44,21.28,26.49,8.12,2.61,16.79,11.65,6.66,27.91,7.73,29.78,1.55,24.78,3.01,29.67,32.16,17.81,30.95,26.59
5.94,32.36,33.13,32.69,2.37,30.04,7.08,12.81,18.64,4.6,27.85,7.29,6.7,9.42,26.03,10.62,10.47,28.91,26.62,15.72,11.89,1.86,31.1,9.48,12.14,4.23,5.91,8.61,7.09,28.92,25.62,15.87,6.13,7.37,18.56,14.29,9.06,14.65,32.94,12.7,25.65,9.54,26.21,32.37,2.4,2.46,33.66,33.51,27.25,30.69,22.82,32.23,37.23,6.68,25.61,5.15,11.43,6.39,12.21,1.93,16.42,5.84,35.66,11.11,23.24,4.24,39.84,32.58,16.54,22.38,39.75,32.84,8.45,9.11,28.12,11.55,4.02,5.44,29.36,25.6,19.68,3.57,3.94,5.23,14.26,24.15,4.95,38.3,0.86,0.0,12.05,32.02,20.86,26.07,7.7,3.44,16.37,11.23,6.24,27.49,7.31,29.36,1.92,24.36,3.84,29.25,31.74,18.64,30.53,26.17
18.22,35.97,36.73,36.29,11.86,37.89,11.23,18.75,33.46,8.47,31.46,5.92,11.81,20.97,29.64,22.17,22.01,32.51,30.23,15.07,23.43,13.34,34.71,21.03,23.69,17.36,17.46,3.87,18.64,37.85,39.4,27.42,17.68,15.86,35.03,13.63,20.61,5.62,36.54,18.33,34.96,21.08,35.68,35.97,11.32,14.93,37.26,37.12,39.59,34.29,34.01,35.83,40.83,18.23,35.52,10.11,20.36,20.45,23.76,14.4,7.4,17.39,39.26,22.65,34.78,15.73,43.45,36.18,15.88,25.97,43.35,36.44,20.0,20.66,37.06,23.1,8.63,7.29,32.96,29.21,23.26,9.54,15.31,10.66,25.81,35.69,8.22,41.9,12.34,12.3,0.0,35.62,31.9,37.62,19.25,9.88,17.04,22.24,17.79,31.09,18.86,32.96,12.26,35.91,10.28,32.85,40.67,9.61,34.13,29.77
30.01,9.43,11.58,11.14,34.0,19.25,35.23,20.5,14.82,32.85,6.83,35.57,35.81,21.98,6.39,20.13,29.69,13.88,11.59,23.95,27.97,31.97,6.11,31.16,26.11,31.74,27.2,35.9,22.67,19.22,21.89,25.8,23.75,25.24,16.39,24.72,24.81,40.82,3.92,20.08,16.33,29.6,21.96,8.94,34.73,33.08,6.72,2.73,20.96,7.57,15.38,5.3,22.2,26.68,21.36,34.11,22.11,30.75,26.11,33.63,43.11,27.46,20.63,19.65,19.54,36.14,12.46,3.56,22.03,17.63,10.26,4.31,25.69,21.48,18.43,28.89,32.56,32.63,14.33,10.57,20.42,32.8,26.91,34.97,31.19,25.66,31.93,7.85,32.77,32.46,35.95,0.0,14.03,25.68,22.52,35.34,22.3,32.9,26.81,12.46,23.05,5.47,34.28,27.97,35.74,14.22,22.04,44.81,8.54,11.14
20.73,8.76,9.54,9.09,29.22,10.09,31.33,16.6,6.55,28.94,6.09,31.66,27.87,12.71,8.07,10.86,20.42,3.31,3.72,20.04,18.69,27.19,8.83,21.88,16.84,22.46,17.92,31.99,13.4,8.97,4.69,16.53,14.48,21.33,3.15,20.81,20.9,36.91,14.97,16.18,3.36,20.32,6.27,8.77,29.95,23.8,10.22,15.55,7.31,7.36,2.01,9.83,13.36,16.02,3.92,30.2,18.21,21.48,16.83,24.36,39.21,15.08,12.56,10.39,3.85,31.37,17.96,14.62,18.13,23.55,17.86,14.87,16.42,12.21,8.18,19.61,28.66,28.73,4.57,2.8,16.51,28.9,23.01,31.07,21.91,9.58,28.03,16.41,27.99,27.69,32.05,14.06,0.0,9.72,13.25,30.57,18.39,23.62,16.03,0.85,13.78,11.39,27.08,17.72,30.97,4.05,11.8,40.9,7.2,3.21
22.44,16.75,14.76,14.65,30.94,9.54,36.64,28.99,15.05,33.44,18.22,36.12,29.59,21.21,19.05,19.81,22.13,9.63,20.08,32.43,20.41,28.91,18.33,23.6,14.67,24.18,19.63,37.45,20.51,7.98,6.31,15.1,20.93,31.14,10.33,33.2,24.42,43.49,27.16,28.57,7.83,22.04,9.16,17.66,31.66,25.52,19.6,27.74,5.86,16.86,8.12,20.24,9.57,28.02,10.55,33.99,30.59,23.19,15.25,26.07,43.03,19.9,9.83,17.57,8.64,33.08,19.13,26.8,30.51,35.93,19.04,22.39,18.13,21.0,7.78,16.54,32.85,34.27,12.41,16.0,28.9,32.41,32.29,29.94,23.63,5.9,33.79,17.59,29.7,29.4,40.89,26.24,9.71,0.0,19.46,32.28,30.78,25.34,27.58,10.45,19.43,23.58,28.8,2.97,32.68,13.32,8.0,47.47,15.9,14.86
3.98,22.78,26.38,26.27,9.14,22.89,14.12,11.08,10.92,11.64,18.24,14.33,13.75,1.96,16.42,3.16,6.0,16.61,12.08,16.73,6.42,7.11,21.49,7.02,5.87,7.37,2.18,15.66,1.42,21.77,18.47,9.6,2.06,8.08,10.84,17.49,5.55,21.69,23.32,10.97,18.5,5.3,19.06,22.78,9.87,8.1,24.04,23.9,20.1,21.02,15.1,22.61,27.74,4.95,18.46,12.19,9.7,6.64,6.62,8.66,23.46,1.87,25.36,3.39,16.09,11.29,30.75,22.97,14.81,20.65,30.66,23.23,1.79,1.27,20.98,7.18,11.06,12.48,20.91,16.02,17.94,10.61,9.45,12.28,7.94,17.88,11.99,29.2,7.91,7.61,19.09,22.41,13.14,19.81,0.0,10.49,14.63,8.77,4.52,13.62,0.49,19.74,9.43,18.09,10.89,20.66,26.18,25.68,20.86,16.59
9.55,34.4,35.17,34.73,2.42,32.92,3.32,15.69,21.53,2.08,29.89,4.9,3.68,12.3,28.07,13.5,13.35,30.95,28.66,13.5,14.77,4.67,33.14,12.37,15.02,6.91,8.79,6.23,9.97,31.8,28.5,18.76,9.01,10.3,21.44,12.07,11.95,12.26,34.98,15.58,28.53,12.42,29.09,34.41,1.37,4.89,35.7,35.55,30.13,32.73,25.7,34.27,39.27,9.57,28.49,2.12,14.32,11.79,15.1,4.36,14.03,8.72,37.7,13.99,26.12,7.06,41.88,34.62,14.32,25.27,41.79,34.88,11.33,11.99,31.01,14.43,1.62,3.05,31.4,27.64,22.56,1.21,6.65,2.22,17.15,27.03,2.56,40.34,2.28,2.68,9.66,34.06,23.75,28.96,10.58,0.0,15.48,14.12,9.13,29.53,10.19,31.4,1.76,27.25,0.7,31.29,34.62,16.25,32.57,28.21
15.93,22.34,23.11,22.67,17.19,24.26,16.7,3.89,19.83,14.31,17.83,17.03,17.28,13.11,16.01,14.69,18.71,18.89,16.6,3.73,20.14,16.6,21.08,17.73,20.47,15.71,14.25,17.36,14.06,24.23,25.78,30.82,13.1,5.91,21.41,6.18,9.43,22.29,22.92,3.56,21.34,17.79,22.06,22.35,16.65,16.44,23.64,23.49,25.96,20.67,20.38,22.21,27.21,11.3,21.9,15.58,4.33,17.15,20.56,17.0,24.58,14.17,25.64,14.61,24.56,20.77,29.82,22.56,1.47,10.13,29.73,22.82,16.78,14.16,23.43,19.89,14.03,14.1,19.34,15.58,7.42,14.27,8.38,16.44,22.51,30.67,13.4,28.27,17.39,17.09,17.42,22.0,18.28,30.69,14.93,15.28,0.0,19.48,11.43,17.47,14.54,19.34,17.6,32.97,15.68,19.23,27.05,26.27,20.51,16.15
2.3,30.32,29.44,29.33,10.13,25.95,15.16,13.34,18.8,12.63,25.78,15.32,8.78,7.49,23.96,8.4,2.77,23.58,19.61,18.99,4.55,8.1,29.03,2.11,8.9,3.37,4.2,16.65,6.85,24.83,21.53,12.63,6.87,10.33,18.37,19.75,9.59,22.68,30.86,13.23,21.56,1.86,22.12,30.32,10.86,4.71,31.58,31.44,23.16,28.56,22.07,30.15,29.22,7.21,21.52,13.18,11.96,0.75,7.75,5.27,21.55,4.76,28.42,8.81,19.15,12.28,33.81,30.51,17.07,22.91,33.72,30.76,6.23,6.8,24.04,7.09,12.05,13.47,23.97,23.56,20.2,11.6,11.49,9.13,5.76,20.91,12.98,32.26,8.9,8.6,20.08,29.94,20.67,22.83,5.8,11.48,16.89,0.0,6.77,21.15,5.76,27.28,7.99,21.12,11.88,23.72,27.65,26.67,28.4,24.12
5.53,27.0,27.76,27.32,7.26,28.91,12.33,7.44,13.7,9.76,22.49,12.45,11.87,4.48,20.66,5.68,8.31,23.54,21.25,13.09,9.73,3.69,25.73,7.33,10.06,5.3,3.85,13.78,3.76,28.88,19.12,13.8,2.69,4.03,13.62,13.86,3.69,19.81,27.57,7.33,18.34,7.38,19.19,27.0,7.99,6.04,28.29,28.15,20.23,25.32,17.87,26.86,31.86,0.3,18.59,10.31,6.07,6.75,10.15,6.6,21.59,3.76,30.29,6.16,16.77,9.41,34.47,27.21,11.17,17.02,34.38,27.47,6.37,4.17,28.09,9.48,9.18,10.6,23.99,20.23,14.31,8.73,4.95,10.4,12.11,22.07,10.11,32.93,6.03,5.73,17.21,26.65,15.92,24.0,4.53,8.61,11.0,9.08,0.0,22.12,4.13,23.99,7.55,22.29,9.01,23.88,31.7,23.8,25.16,20.8
21.21,8.5,9.96,9.51,29.29,10.47,30.52,15.79,6.72,28.13,5.28,30.85,31.1,13.19,5.85,11.34,20.9,3.05,3.49,19.24,19.17,27.26,8.88,22.36,17.32,22.94,18.4,31.18,13.88,9.34,5.43,17.01,14.96,20.52,3.63,20.0,20.1,36.11,14.04,15.37,4.1,20.8,6.64,8.5,30.01,24.28,10.27,14.62,7.06,7.41,2.75,9.88,14.06,21.97,4.66,29.4,17.4,21.96,17.31,24.84,38.4,15.56,12.49,10.87,4.33,31.43,16.67,13.69,17.32,22.74,16.58,11.32,16.9,12.69,8.55,20.09,27.85,27.92,4.31,2.0,15.71,28.09,22.2,30.26,22.39,10.31,27.22,15.12,28.05,27.75,31.24,13.12,0.85,10.46,13.73,30.63,17.59,24.1,22.1,0.0,14.26,10.46,29.57,12.85,31.03,3.79,12.17,40.1,7.25,2.46
3.95,23.22,26.35,26.24,8.75,22.86,13.73,10.68,11.36,11.25,18.68,13.94,13.35,2.4,16.85,3.68,5.96,17.04,12.51,16.34,6.38,6.72,21.92,6.99,5.84,6.98,2.14,15.26,1.19,21.73,18.44,9.57,1.66,7.68,11.27,17.1,5.16,21.3,23.76,10.58,18.47,5.26,19.03,23.22,9.48,7.71,24.48,24.34,20.07,21.46,15.53,23.05,27.71,4.56,18.43,11.8,9.31,6.61,6.59,8.27,23.07,1.48,25.33,3.82,16.06,10.9,30.72,23.4,14.42,20.26,30.62,23.66,1.76,1.71,20.94,7.14,10.67,12.09,20.88,16.45,17.55,10.22,9.06,11.88,7.9,17.85,11.6,29.17,7.52,7.21,18.7,22.84,13.58,19.77,0.49,10.09,14.24,8.73,4.12,14.06,0.0,20.18,9.03,18.06,10.49,20.63,26.14,25.29,21.3,17.02
27.4,7.34,8.99,8.54,31.39,16.65,32.63,17.9,12.22,30.24,4.22,32.96,33.2,19.37,3.79,17.53,27.09,11.28,8.98,21.35,25.36,29.37,5.47,28.55,23.51,29.14,24.59,33.29,20.06,16.61,19.29,23.2,21.14,22.63,13.79,22.11,22.2,38.21,7.4,17.48,13.73,27.0,19.36,6.34,32.12,30.47,7.61,7.98,18.35,4.97,12.77,6.55,19.6,24.07,18.76,31.5,19.51,28.15,23.5,31.03,40.51,24.86,18.03,17.05,16.94,33.54,22.21,7.04,19.43,24.85,22.12,7.3,23.09,18.87,15.82,26.29,29.96,30.03,11.72,7.97,17.81,30.2,24.31,32.37,28.58,23.06,29.33,9.11,30.16,29.86,33.35,5.47,11.42,23.08,19.91,32.74,19.69,30.29,24.21,9.86,20.44,0.0,31.68,25.36,33.14,11.62,19.44,42.2,5.95,8.54
7.21,34.11,34.88,34.44,1.66,31.79,4.24,14.56,20.39,3.93,29.6,6.61,4.46,11.17,27.78,12.37,9.29,30.66,28.37,15.13,10.71,3.54,32.85,8.31,13.89,5.16,7.66,7.94,8.84,30.66,27.37,17.62,7.88,9.17,20.31,13.7,10.81,13.97,34.69,14.45,27.39,8.36,27.96,34.11,0.54,3.54,35.41,35.26,29.0,32.44,24.57,33.98,38.98,8.43,27.36,3.81,13.18,7.19,13.96,3.6,15.75,7.59,37.41,12.86,24.99,5.8,41.59,34.33,15.94,24.13,41.5,34.59,10.2,10.86,29.87,13.3,3.34,4.76,31.11,27.35,21.42,3.07,5.46,3.29,13.09,25.9,4.28,40.04,1.52,1.92,11.38,33.77,22.61,27.82,9.45,1.76,17.11,10.06,7.99,29.24,9.06,31.11,0.0,26.11,1.46,31.0,33.49,17.96,32.28,27.92
21.0,19.02,17.03,16.92,29.5,11.81,35.2,31.26,17.45,32.0,20.49,34.68,28.15,19.77,21.32,18.36,20.69,16.32,22.35,34.7,18.97,27.47,20.6,22.16,13.23,22.74,18.19,36.01,19.07,10.25,8.72,13.66,19.48,29.7,12.73,35.47,22.98,42.04,29.43,30.84,13.38,20.6,11.43,19.93,30.22,24.08,21.87,30.01,8.13,19.13,10.52,22.51,11.84,26.57,12.83,32.55,32.86,21.75,13.81,24.63,41.59,18.46,12.1,19.08,11.04,31.64,21.4,29.07,32.79,38.2,21.31,24.66,16.68,19.56,10.05,15.1,31.41,32.83,14.68,18.28,31.17,30.97,30.85,28.5,22.19,6.21,32.35,19.86,28.26,27.96,39.45,28.51,12.12,2.98,18.02,30.84,33.05,23.9,26.13,12.85,17.98,25.85,27.35,0.0,31.24,15.59,10.27,46.03,18.17,17.13
9.88,34.73,35.5,35.06,3.12,33.25,2.72,16.02,21.86,2.41,30.23,5.23,3.09,12.63,28.4,13.83,13.68,31.28,28.99,13.83,15.1,5.0,33.47,12.7,15.35,6.63,9.13,6.56,10.3,32.13,28.83,19.09,9.34,10.64,21.77,12.4,12.28,12.59,35.31,15.92,28.86,12.75,29.42,34.74,1.07,5.01,36.03,35.88,30.46,33.06,26.03,34.6,39.6,9.9,28.82,1.52,14.65,12.12,15.43,5.06,14.37,9.05,38.03,14.32,26.45,7.39,42.21,34.95,14.65,25.6,42.12,35.21,11.66,12.32,31.34,14.76,1.95,3.38,31.73,27.97,22.89,1.49,6.98,1.55,17.48,27.36,2.89,40.67,2.98,3.39,9.99,34.39,24.08,29.29,10.91,0.7,15.81,14.45,9.46,29.86,10.52,31.73,1.53,27.58,0.0,31.62,34.95,16.58,32.9,28.54
23.47,5.33,6.1,5.66,31.14,6.11,32.37,17.64,11.97,29.99,6.42,32.71,32.95,16.52,7.71,14.67,23.16,1.25,8.74,21.09,21.43,29.11,7.0,24.62,19.58,25.2,20.66,33.04,17.21,5.16,3.76,19.28,25.61,22.38,6.96,21.86,21.95,37.96,15.82,17.22,1.89,23.06,2.92,5.33,31.87,26.54,8.39,16.4,4.85,5.53,2.29,8.0,10.12,23.82,2.44,31.25,19.25,24.22,19.59,27.1,40.25,20.93,8.55,14.2,7.91,33.29,12.73,15.46,19.17,24.59,12.64,9.44,19.16,16.02,6.34,22.35,29.7,29.77,1.08,4.66,17.56,29.94,24.06,32.11,24.65,8.65,29.08,11.18,29.91,29.61,33.09,14.9,3.89,13.6,20.06,32.48,19.44,26.36,23.95,3.63,20.02,12.24,31.42,15.88,32.88,0.0,9.96,41.95,4.57,3.52
27.58,13.18,11.2,11.09,36.08,1.59,41.98,27.25,16.55,39.59,16.49,42.32,34.73,21.39,17.32,19.55,27.27,12.31,18.35,30.7,25.55,34.05,16.6,28.74,21.5,29.32,26.46,42.64,22.08,4.41,6.13,21.93,23.16,31.99,11.83,31.47,31.56,47.57,25.43,26.83,7.55,27.18,5.59,14.09,36.8,30.66,16.03,26.0,4.69,15.13,10.13,16.67,1.73,33.43,6.99,40.86,28.86,28.33,22.08,31.21,49.86,26.73,2.01,19.07,12.03,38.22,15.57,25.07,28.78,34.2,15.48,18.82,24.96,20.89,4.21,23.37,39.31,39.38,8.84,14.27,27.17,39.55,33.66,41.72,28.77,12.73,38.68,14.02,34.84,34.54,42.7,24.51,12.13,7.95,26.29,37.42,29.05,30.48,33.56,15.56,26.26,21.85,33.94,10.23,37.82,11.59,0.0,51.56,14.17,13.13
24.61,44.91,45.67,45.23,18.25,46.83,17.63,27.69,42.4,14.87,40.4,12.31,18.2,27.36,38.58,28.56,28.41,41.45,39.17,24.01,29.83,19.73,43.65,27.43,30.08,23.75,23.85,11.36,25.03,46.79,43.56,33.81,24.07,25.36,43.97,22.57,27.0,4.89,45.48,27.27,43.9,27.48,44.15,44.91,17.71,21.33,46.2,46.06,48.53,43.23,42.95,44.77,49.77,24.62,44.46,16.5,29.38,26.85,30.15,20.8,6.59,23.78,48.2,29.05,41.18,22.12,52.39,45.12,24.82,34.91,52.29,45.38,26.39,27.05,46.0,29.49,15.02,13.68,41.9,38.15,32.2,15.93,21.7,17.05,32.2,42.09,14.61,50.84,18.74,18.7,9.11,44.56,40.84,44.01,25.64,16.27,25.99,28.64,24.18,40.03,25.25,41.9,18.66,42.3,16.67,41.79,49.61,0.0,43.07,38.71
28.38,1.92,3.58,3.13,32.5,9.48,33.74,19.01,13.19,31.35,2.4,34.07,34.31,20.35,4.21,18.5,28.06,4.11,9.96,22.45,26.34,30.48,2.45,29.53,24.49,29.59,25.57,34.4,21.04,9.44,8.45,24.18,26.98,23.74,14.76,23.22,23.31,39.32,7.11,18.59,6.58,27.97,7.27,1.93,33.23,30.32,3.84,10.04,11.18,0.98,5.61,3.45,12.43,25.18,7.13,32.61,20.61,29.13,24.48,30.88,41.62,28.05,10.86,18.03,15.15,34.65,9.44,9.11,20.54,25.96,9.35,4.88,24.06,19.85,8.65,27.26,31.07,31.14,4.57,5.92,18.92,31.31,25.42,33.48,29.56,15.89,30.44,5.33,31.27,30.97,34.46,8.55,7.19,15.91,20.89,33.85,20.8,31.27,25.31,7.28,21.42,5.95,32.79,18.19,34.25,4.47,12.27,43.31,0.0,4.99
24.06,6.76,7.53,7.08,28.04,8.68,29.27,14.54,8.87,26.89,2.99,29.61,29.85,16.03,3.79,14.18,23.74,3.43,5.64,17.99,22.02,26.01,6.45,25.21,20.16,25.12,23.67,29.94,16.72,8.64,6.82,19.86,22.51,19.28,10.44,18.76,18.85,34.86,12.72,14.12,4.91,23.65,6.47,6.76,28.77,25.86,7.84,13.29,10.38,4.98,3.84,7.45,11.63,20.72,6.05,28.15,16.15,24.81,20.16,26.41,37.15,23.58,10.05,13.7,7.0,30.18,14.24,12.36,16.07,21.49,14.14,8.89,19.74,15.53,7.85,22.94,26.6,26.67,3.75,1.1,14.46,26.84,20.95,29.01,25.24,11.71,25.97,12.69,26.81,26.5,29.99,11.8,3.27,15.11,16.57,29.38,16.34,26.95,20.85,2.46,17.1,9.14,28.32,17.39,29.78,3.64,11.46,38.85,4.82,0.0
